inchikey,smiles_std,pIC50_B2,pIC50_B1,scaffold
ABOAFLYBEQQYKZ-BSOCMFCZSA-N,C[C@@H](O)C(=O)NC1CCCc2c(-c3ccc4c(c3)CCC(=O)N4C)cncc21,7.124332720316243,5.56140566026038,O=C1CCc2cc(-c3cncc4c3CCCC4)ccc2N1
ABOAFLYBEQQYKZ-UHFFFAOYSA-N,CC(O)C(=O)NC1CCCc2c(-c3ccc4c(c3)CCC(=O)N4C)cncc21,7.111820506081675,6.24123945609002,O=C1CCc2cc(-c3cncc4c3CCCC4)ccc2N1
ABOAFLYBEQQYKZ-YTJLLHSVSA-N,C[C@H](O)C(=O)NC1CCCc2c(-c3ccc4c(c3)CCC(=O)N4C)cncc21,7.045848007792636,5.6233517583201404,O=C1CCc2cc(-c3cncc4c3CCCC4)ccc2N1
AEWYTPYUUWZUGV-LJQANCHMSA-N,CCC(=O)N[C@@H]1CCCc2c(-c3cc(Cl)c4c(ccc(=O)n4C)c3)cncc21,7.954677021213342,5.394156460941911,O=c1ccc2cc(-c3cncc4c3CCCC4)ccc2[nH]1
AFSUGETVIMCCPK-UHFFFAOYSA-N,CCS(=O)(=O)NCc1cncc(-c2cc3c(cc2Cl)N(C)C(=O)CC3)c1,7.356547323513812,5.594653639824291,O=C1CCc2cc(-c3cccnc3)ccc2N1
ALBJUSTYZAUYLN-UHFFFAOYSA-N,NCc1cncc(-c2ccc3c(c2)CCC(=O)N3)c1,,,O=C1CCc2cc(-c3cccnc3)ccc2N1
AMBRGAIQMQJQFQ-UHFFFAOYSA-N,CN1C(=O)CCc2cc(-c3cncc(CNC(=O)c4ncccn4)c3)ccc21,7.455931955649724,5.951946826884391,O=C1CCc2cc(-c3cncc(CNC(=O)c4ncccn4)c3)ccc2N1
ARAAIDOVECMFNU-UHFFFAOYSA-N,CCC(=O)NC(C)c1cncc(-c2ccc3c(c2)CCC(=O)N3C)c1Cl,7.207608310501746,5.912928794093465,O=C1CCc2cc(-c3cccnc3)ccc2N1
AVECANXSLRTYTR-UHFFFAOYSA-N,CCN(C(C)c1cncc(-c2ccc3c(c2)CCC(=O)N3C)c1)S(=O)(=O)CC,7.568636235841012,6.151810883008602,O=C1CCc2cc(-c3cccnc3)ccc2N1
AVVRIJHGPJOLBZ-UHFFFAOYSA-N,CN1C(=O)CCc2cc(-c3cncc(C4CCN(C(=O)OC(C)(C)C)CC4)c3)ccc21,,9.0,O=C1CCc2cc(-c3cncc(C4CCNCC4)c3)ccc2N1
AWEQOOUPFFQHIV-UHFFFAOYSA-N,Cc1ocnc1C(=O)NCc1cncc(-c2ccc3c(c2)CCC(=O)N3C)c1,8.221848749616356,6.82102305270683,O=C1CCc2cc(-c3cncc(CNC(=O)c4cocn4)c3)ccc2N1
AWGKACBQFLOAMX-UHFFFAOYSA-N,Cc1noc(C)c1C(=O)NCc1cncc(-c2cc(Cl)c3c(c2)CCC(=O)N3)c1,7.013228265733755,5.3952341152961125,O=C1CCc2cc(-c3cncc(CNC(=O)c4cnoc4)c3)ccc2N1
BAAIKDACCLDMSP-GOSISDBHSA-N,COC(=O)N[C@@H]1CCCc2c(-c3ccc4c(ccc(=O)n4C)c3)cncc21,,,O=c1ccc2cc(-c3cncc4c3CCCC4)ccc2[nH]1
BAAIKDACCLDMSP-IATFMEIASA-N,[2H]C([2H])([2H])OC(=O)N[C@@H]1CCCc2c(-c3ccc4c(ccc(=O)n4C)c3)cncc21,8.301029995663981,6.671620396561262,O=c1ccc2cc(-c3cncc4c3CCCC4)ccc2[nH]1
BEERUBBOKQJIII-JCQPUDPBSA-N,CCC(=O)N[C@H]1c2cncc(-c3cc4c(cc3F)N(C)C(=O)CC4)c2CC[C@H]1C,6.964014467326189,5.01783299314569,O=C1CCc2cc(-c3cncc4c3CCCC4)ccc2N1
BEERUBBOKQJIII-NPMABZOXSA-N,CCC(=O)N[C@@H]1c2cncc(-c3cc4c(cc3F)N(C)C(=O)CC4)c2CC[C@@H]1C,6.344669441990659,4.494847307348064,O=C1CCc2cc(-c3cncc4c3CCCC4)ccc2N1
BEERUBBOKQJIII-ZAMGYDSWSA-N,CCC(=O)N[C@H]1c2cncc(-c3cc4c(cc3F)N(C)C(=O)CC4)c2CC[C@@H]1C,7.260427655549908,5.582096718008771,O=C1CCc2cc(-c3cncc4c3CCCC4)ccc2N1
BEERUBBOKQJIII-ZLOXQWCVSA-N,CCC(=O)N[C@@H]1c2cncc(-c3cc4c(cc3F)N(C)C(=O)CC4)c2CC[C@H]1C,6.2767085535224165,5.688542831618969,O=C1CCc2cc(-c3cncc4c3CCCC4)ccc2N1
BFYPQVDANZNFBS-GOSISDBHSA-N,CCC(=O)N[C@@H]1CCCc2c(-c3ccc4c(c3)CNC(=O)N4C)cncc21,7.507239610973162,5.6206763492466845,O=C1NCc2cc(-c3cncc4c3CCCC4)ccc2N1
BIVYCYQLTLIPMP-UHFFFAOYSA-N,CCC1(NCc2cncc(-c3ccc4c(c3)CCC(=O)N4C)c2)COC1,8.0,6.6252516539898965,O=C1CCc2cc(-c3cncc(CNC4COC4)c3)ccc2N1
BLYCLAUOGIFYKS-UHFFFAOYSA-N,CN1C(=O)CCc2cc(-c3cncc(CNC(=O)c4ccc(Cl)nn4)c3)ccc21,8.0,7.026872146400302,O=C1CCc2cc(-c3cncc(CNC(=O)c4cccnn4)c3)ccc2N1
BNTWCRCWZNKXAZ-UHFFFAOYSA-N,Cc1cnc(C(=O)NCc2cncc(-c3ccc4c(c3)CCC(=O)N4C)c2)cn1,8.301029995663981,6.860120913598763,O=C1CCc2cc(-c3cncc(CNC(=O)c4cnccn4)c3)ccc2N1
BNURNBARXCLCMJ-IBGZPJMESA-N,CCC(=O)N1CCC[C@H]1COc1cncc(-c2ccc3c(c2)CCC(=O)N3C)c1,7.698970004336019,5.571379327328061,O=C1CCc2cc(-c3cncc(OC[C@@H]4CCCN4)c3)ccc2N1
BNURNBARXCLCMJ-LJQANCHMSA-N,CCC(=O)N1CCC[C@@H]1COc1cncc(-c2ccc3c(c2)CCC(=O)N3C)c1,6.924453038607469,5.640923773940737,O=C1CCc2cc(-c3cncc(OC[C@H]4CCCN4)c3)ccc2N1
BQWCKNXVTHZVQN-UHFFFAOYSA-N,CN1C(=O)CCc2cc(-c3cncc(OCCN)c3)ccc21,7.552841968657781,6.795880017344075,O=C1CCc2cc(-c3cccnc3)ccc2N1
BQXVQCOPGVZIOR-UHFFFAOYSA-N,CN1C(=O)CCc2cc(-c3cncc(CNC(=O)c4ncc(C(F)(F)F)cn4)c3)ccc21,7.207608310501746,5.535063570878267,O=C1CCc2cc(-c3cncc(CNC(=O)c4ncccn4)c3)ccc2N1
BRAREEJQQDYBHJ-QGZVFWFLSA-N,CCC(=O)N[C@@H]1CCCc2c(-c3ccc4c(c3)nc(C#N)n4C)cncc21,,,c1nc2cc(-c3cncc4c3CCCC4)ccc2[nH]1
BUHCIUOLVZXAMY-UHFFFAOYSA-N,Cc1noc(C)c1C(=O)NCc1cncc(-c2ccc3c(c2)CCC(=O)N3C)c1,8.096910013008056,6.293282217663242,O=C1CCc2cc(-c3cncc(CNC(=O)c4cnoc4)c3)ccc2N1
BWJZGMRDMHYJHV-MRXNPFEDSA-N,CCS(=O)(=O)N1CC[C@@H](Oc2cncc(-c3cc4c(cc3F)N(C)C(=O)CC4)c2)C1,7.853871964321762,6.563837352959244,O=C1CCc2cc(-c3cncc(O[C@@H]4CCNC4)c3)ccc2N1
BXVUOUWGROGHFF-MRXNPFEDSA-N,CCC(=O)N[C@@H]1CCCc2c(-c3ccc4c(c3)oc(=O)n4C)cncc21,,,O=c1[nH]c2ccc(-c3cncc4c3CCCC4)cc2o1
BXWXHTCGGHRLIO-FQEVSTJZSA-N,CN1C(=O)CCc2cc(-c3cncc(O[C@H]4CCN(C(=O)c5cnn(C)c5)C4)c3)ccc21,7.886056647693163,5.877784121727173,O=C1CCc2cc(-c3cncc(O[C@H]4CCN(C(=O)c5cn[nH]c5)C4)c3)ccc2N1
BZTZZLMQYQWVAD-GOSISDBHSA-N,CCC(=O)N[C@@H]1COCc2c(-c3ccc4c(c3)CCC(=O)N4C)cncc21,7.379863945026242,,O=C1CCc2cc(-c3cncc4c3COCC4)ccc2N1
BZZDCLMGHYTMDG-UHFFFAOYSA-N,CCC(=O)NC(C)c1cncc(-c2cc3c(cc2F)N(C)C(=O)CC3)c1,7.387216143280264,6.078833949362261,O=C1CCc2cc(-c3cccnc3)ccc2N1
CALPZUKGDNTVCA-UHFFFAOYSA-N,CN1C(=O)CCc2cc(-c3cncc(CNC(=O)c4cc(Cl)nnc4Cl)c3)c(F)cc21,7.537602002101044,5.318758762624412,O=C1CCc2cc(-c3cncc(CNC(=O)c4ccnnc4)c3)ccc2N1
CAYOUWZRCMDPDD-UHFFFAOYSA-N,Cc1cccnc1C(=O)NCc1cncc(-c2ccc3c(c2)CCC(=O)N3C)c1,9.0,7.853871964321762,O=C1CCc2cc(-c3cncc(CNC(=O)c4ccccn4)c3)ccc2N1
CFOQZNGMJPDXJF-UHFFFAOYSA-N,CN(Cc1cncc(-c2cc(Cl)c3c(c2)CCC(=O)N3)c1)C(=O)c1ncccc1Cl,7.376750709602099,6.056011124926228,O=C1CCc2cc(-c3cncc(CNC(=O)c4ccccn4)c3)ccc2N1
CIRJNKSQEGVMOH-UHFFFAOYSA-N,CCC(=O)NC1CCCc2c(-c3cc4c(cc3F)N(C)C(=O)CC4)cncc21,6.798385291269407,4.99045510004601,O=C1CCc2cc(-c3cncc4c3CCCC4)ccc2N1
CKFQVMYVSOXAEQ-UHFFFAOYSA-N,CN1C(=O)CCc2cc(-c3cncc(C4=CN(C(=O)OC(C)(C)C)CCC4)c3)ccc21,7.721246399047171,6.095825631715837,O=C1CCc2cc(-c3cncc(C4=CNCCC4)c3)ccc2N1
CMZMAIYSXZAINI-UHFFFAOYSA-N,CN1C(=O)CCc2cc(-c3cncc(CNC(=O)C(C)(C)O)c3)ccc21,7.455931955649724,6.519993057042849,O=C1CCc2cc(-c3cccnc3)ccc2N1
CNKUIXMXKYCYCT-UHFFFAOYSA-N,Cc1oncc1C(=O)NCc1cncc(-c2ccc3c(c2)CCC(=O)N3C)c1,8.698970004336019,6.747146969020107,O=C1CCc2cc(-c3cncc(CNC(=O)c4cnoc4)c3)ccc2N1
CPOBWLONPIPNCF-UHFFFAOYSA-N,CN1C(=O)CCc2cc(-c3cncc(CNC(=O)c4ncccc4Cl)c3)c(F)cc21,8.522878745280337,6.356547323513812,O=C1CCc2cc(-c3cncc(CNC(=O)c4ccccn4)c3)ccc2N1
CQKXSOVZGPIGME-SFHVURJKSA-N,COC[C@@H]1CCCN1c1cncc(-c2ccc3c(c2)CCC(=O)N3C)c1,7.698970004336019,6.769551078621726,O=C1CCc2cc(-c3cncc(N4CCCC4)c3)ccc2N1
CTPLKTIQEFEMIS-UHFFFAOYSA-N,CN1C(=O)CCc2cc(-c3cncc(C4(NC(=O)c5ncccc5Cl)CC4)c3)ccc21,8.221848749616356,6.059483515067432,O=C1CCc2cc(-c3cncc(C4(NC(=O)c5ccccn5)CC4)c3)ccc2N1
CUPAHUCSUNTTHO-UHFFFAOYSA-N,CN1C(=O)CCc2cc(-c3cncc(C(C)(C)NC(=O)c4ncccc4Cl)c3)ccc21,8.522878745280337,6.573488738635425,O=C1CCc2cc(-c3cncc(CNC(=O)c4ccccn4)c3)ccc2N1
CXLZKLJHYJAFEN-UHFFFAOYSA-N,Cc1noc(C)c1C(=O)NCc1cncc(-c2cc3c(cc2F)N(C)C(=O)CC3)c1C,7.886056647693163,5.3257820544233,O=C1CCc2cc(-c3cncc(CNC(=O)c4cnoc4)c3)ccc2N1
CZGBHTMFNQMOBJ-LJQANCHMSA-N,CCC(=O)N[C@@H]1CCCc2c(-c3ccc4c(c3)COCC(=O)N4C)cncc21,,,O=C1COCc2cc(-c3cncc4c3CCCC4)ccc2N1
CZIRBVVTSNSMBQ-CQSZACIVSA-N,COC(=O)N[C@@H]1CCOc2c(-c3ccc4c(c3)OCC(=O)N4C)cncc21,7.6595558851598815,,O=C1COc2cc(-c3cncc4c3OCCC4)ccc2N1
CZIRBVVTSNSMBQ-ROXCVRLESA-N,[2H]C([2H])([2H])OC(=O)N[C@@H]1CCOc2c(-c3ccc4c(c3)OCC(=O)N4C)cncc21,7.539102157243452,,O=C1COc2cc(-c3cncc4c3OCCC4)ccc2N1
DCFFNDBIBGIVND-AVRDEDQJSA-N,CCC(=O)N[C@H]1c2cncc(-c3ccc4c(c3)CCC(=O)N4C)c2CC[C@@H]1F,6.476202111921468,5.7975389293706,O=C1CCc2cc(-c3cncc4c3CCCC4)ccc2N1
DCFFNDBIBGIVND-GCJKJVERSA-N,CCC(=O)N[C@H]1c2cncc(-c3ccc4c(c3)CCC(=O)N4C)c2CC[C@H]1F,6.913640169325252,5.447575154295914,O=C1CCc2cc(-c3cncc4c3CCCC4)ccc2N1
DCFFNDBIBGIVND-PGRDOPGGSA-N,CCC(=O)N[C@@H]1c2cncc(-c3ccc4c(c3)CCC(=O)N4C)c2CC[C@@H]1F,5.834103090007493,4.490829748426853,O=C1CCc2cc(-c3cncc4c3CCCC4)ccc2N1
DCFFNDBIBGIVND-XMSQKQJNSA-N,CCC(=O)N[C@@H]1c2cncc(-c3ccc4c(c3)CCC(=O)N4C)c2CC[C@H]1F,,,O=C1CCc2cc(-c3cncc4c3CCCC4)ccc2N1
DGDOIYDHGRBTIE-UHFFFAOYSA-N,CC(=O)OCC(=O)Nc1cncc(-c2ccc3c(c2)CCC(=O)N3C)c1,6.366531544420414,,O=C1CCc2cc(-c3cccnc3)ccc2N1
DHCKXEWMKUDMQW-UHFFFAOYSA-N,CCC(=O)N(C)CCOc1cncc(-c2ccc3c(c2)CCC(=O)N3C)c1,8.397940008672037,7.207608310501746,O=C1CCc2cc(-c3cccnc3)ccc2N1
DJVQAZVFHWTYET-UHFFFAOYSA-N,Cc1c(CN)cncc1-c1cc2c(cc1F)N(C)C(=O)CC2,7.958607314841775,5.752763450493236,O=C1CCc2cc(-c3cccnc3)ccc2N1
DKMDZLUUGDYCBI-UHFFFAOYSA-N,Cn1c(=O)ccc2cc(-c3cncc(C4(N)CC4)c3)ccc21,7.075720713938118,5.740645072691966,O=c1ccc2cc(-c3cncc(C4CC4)c3)ccc2[nH]1
DKXHAQFHTJPMEE-UHFFFAOYSA-N,CCC(NS(=O)(=O)CC)c1cncc(-c2ccc3c(c2)CCC(=O)N3C)c1,7.481486060122112,5.723308471154961,O=C1CCc2cc(-c3cccnc3)ccc2N1
DLAZXYNXPVIZFW-OAQYLSRUSA-N,CCC(=O)N[C@@H]1CCCc2c(-c3ccc4c(ccc(=O)n4C4CC4)c3)cncc21,,,O=c1ccc2cc(-c3cncc4c3CCCC4)ccc2n1C1CC1
DLKIMHOTYIDLBL-UHFFFAOYSA-N,CCS(=O)(=O)NC(C)c1cncc(-c2ccc3c(c2)CCC(=O)N3C)c1,7.495062183143919,6.004386962153752,O=C1CCc2cc(-c3cccnc3)ccc2N1
DLKVCRAMAYYISV-UHFFFAOYSA-N,Cc1noc(C)c1C(=O)NC(C)c1cncc(-c2ccc3c(c2)CCC(=O)N3C)c1C,7.0,5.433444669116945,O=C1CCc2cc(-c3cncc(CNC(=O)c4cnoc4)c3)ccc2N1
DMJLGQBUVXTOIY-UHFFFAOYSA-N,CN1C(=O)CCc2cc(-c3cncc(C4(N(C)C(=O)c5ncccc5Cl)CC4)c3)ccc21,7.619788758288394,6.360513510731414,O=C1CCc2cc(-c3cncc(C4(NC(=O)c5ccccn5)CC4)c3)ccc2N1
DOKSEGBUCJYLCX-UHFFFAOYSA-N,Cc1noc(C)c1C(=O)NCCOc1cncc(-c2cc3c(cc2F)N(C)C(=O)CC3)c1,9.0,6.627087997029894,O=C1CCc2cc(-c3cncc(OCCNC(=O)c4cnoc4)c3)ccc2N1
DQSZXHUFCGFADZ-UHFFFAOYSA-N,CN1C(=O)CCc2cc(-c3cncc4c3CCCC4=O)ccc21,7.804100347590766,5.144268897357357,O=C1CCc2cc(-c3cncc4c3CCCC4=O)ccc2N1
DQZPWACCDVXXML-LJQANCHMSA-N,COCC(=O)N[C@@H]1CCCc2c(-c3ccc4c(c3)CCC(=O)N4C)cncc21,8.086186147616283,6.540607512240769,O=C1CCc2cc(-c3cncc4c3CCCC4)ccc2N1
DRVGYGMNIUTBQR-UHFFFAOYSA-N,CN1C(=O)CCc2cc(-c3cncc(CNS(=O)(=O)C(F)(F)F)c3)ccc21,7.214670164989233,5.6221475809932455,O=C1CCc2cc(-c3cccnc3)ccc2N1
DSHCVXOZDUHMAT-UHFFFAOYSA-N,CN1C(=O)CCc2cc(-c3cncc(CNC(=O)c4nc(Cl)ccc4Cl)c3)ccc21,8.522878745280337,7.091514981121351,O=C1CCc2cc(-c3cncc(CNC(=O)c4ccccn4)c3)ccc2N1
DTIHVWXHFQOLLB-UHFFFAOYSA-N,CCS(=O)(=O)NCc1cncc(-c2ccc3c(c2)C(C)(C)CC(=O)N3C)c1,5.3326404538169125,,O=C1CCc2cc(-c3cccnc3)ccc2N1
DULXPPQAYDDBQB-GOSISDBHSA-N,CCC(=O)N[C@@H]1CCCc2c(-c3cc(F)c4c(c3)COC(=O)N4C)cncc21,7.7281583934635005,,O=C1Nc2ccc(-c3cncc4c3CCCC4)cc2CO1
DUZCVRSNQCMAPW-UHFFFAOYSA-N,O=C(NCc1cncc(-c2cc3c4c(c2)CCN4C(=O)CC3)c1)c1ncccc1Cl,8.522878745280337,7.113509274827518,O=C(NCc1cncc(-c2cc3c4c(c2)CCN4C(=O)CC3)c1)c1ccccn1
DZPWLBMPODSNAK-UHFFFAOYSA-N,CN1C(=O)CCc2cc(-c3cncc(CNS(=O)(=O)c4ccc(Cl)nc4)c3)ccc21,6.621602099051862,5.191856574238509,O=C1CCc2cc(-c3cncc(CNS(=O)(=O)c4cccnc4)c3)ccc2N1
FBKOIKJWDDIENZ-UHFFFAOYSA-N,CN1C(=O)CCc2cc(-c3cncc(CNC(=O)c4ccnnc4)c3)ccc21,7.853871964321762,6.559090917934782,O=C1CCc2cc(-c3cncc(CNC(=O)c4ccnnc4)c3)ccc2N1
FBVTYIAFQOQUIZ-MRXNPFEDSA-N,COC(=O)N[C@@H]1CCOc2c(-c3ccc4c(ccc(=O)n4C)c3)cncc21,7.889410289700751,5.770318157682325,O=c1ccc2cc(-c3cncc4c3OCCC4)ccc2[nH]1
FBVTYIAFQOQUIZ-ZMAHMCKTSA-N,[2H]C([2H])([2H])OC(=O)N[C@@H]1CCOc2c(-c3ccc4c(ccc(=O)n4C)c3)cncc21,7.995678626217357,5.8395314688809625,O=c1ccc2cc(-c3cncc4c3OCCC4)ccc2[nH]1
FINGRIIHYMGEKU-NVNSKBCASA-N,[2H]C([2H])([2H])OC(=O)N[C@@H]1CCOc2c(-c3ccc4c(c3)cc(C#N)n4C)cncc21,8.886056647693163,6.866461091629782,c1cc2cc(-c3cncc4c3OCCC4)ccc2[nH]1
FINGRIIHYMGEKU-QGZVFWFLSA-N,COC(=O)N[C@@H]1CCOc2c(-c3ccc4c(c3)cc(C#N)n4C)cncc21,8.853871964321762,6.735182176990463,c1cc2cc(-c3cncc4c3OCCC4)ccc2[nH]1
FKEMHNOJYUMRIX-UHFFFAOYSA-N,CCS(=O)(=O)NC1(c2cncc(-c3ccc4c(c3)CCC(=O)N4C)c2)CC1,7.657577319177793,5.918652692195868,O=C1CCc2cc(-c3cncc(C4CC4)c3)ccc2N1
FMBPRFSBLOXJSG-UHFFFAOYSA-N,CCC(=O)NCc1cncc(-c2cc3c(cc2F)N(C)C(=O)CC3)c1,7.292429823902063,5.315693353928369,O=C1CCc2cc(-c3cccnc3)ccc2N1
FMJLODAAQREOTO-UHFFFAOYSA-N,CCS(=O)(=O)N1CC(Oc2cncc(-c3ccc4c(c3)CCC(=O)N4C)c2)C1,7.823908740944319,6.155522824254319,O=C1CCc2cc(-c3cncc(OC4CNC4)c3)ccc2N1
FNUWRWZOVNAUCJ-UHFFFAOYSA-N,CCS(=O)(=O)N(C)Cc1cncc(-c2ccc3c(c2)CCC(=O)N3C)c1,8.221848749616356,6.519993057042849,O=C1CCc2cc(-c3cccnc3)ccc2N1
FQSFMVQVTVFCMX-UHFFFAOYSA-N,Cc1noc(C)c1C(=O)N(C)Cc1cncc(-c2ccc3c(c2)CCC(=O)N3C)c1,7.853871964321762,6.242603971206976,O=C1CCc2cc(-c3cncc(CNC(=O)c4cnoc4)c3)ccc2N1
FVDLJNMIWFGZAM-LJQANCHMSA-N,CC(=O)N[C@@H]1CCCc2c(-c3ccc4c(c3)CCC(=O)N4C)cncc21,8.318758762624412,5.922922933154239,O=C1CCc2cc(-c3cncc4c3CCCC4)ccc2N1
GDEARQDRTWYUER-LJQANCHMSA-N,CCC(=O)N[C@@H]1CCCc2c(-c3ccc4c(c3)cc(F)c(=O)n4C)cncc21,7.363512103646634,,O=c1ccc2cc(-c3cncc4c3CCCC4)ccc2[nH]1
GDFFFZVMFMXFKF-UHFFFAOYSA-N,CCS(=O)(=O)NC1CCCc2c(-c3cc4c(cc3Cl)N(C)C(=O)CC4)cncc21,6.413525221428603,4.459426537781391,O=C1CCc2cc(-c3cncc4c3CCCC4)ccc2N1
GHDJLMITKWLKPL-UHFFFAOYSA-N,CCS(=O)(=O)NCc1cncc(-c2ccc3c(c2)CCC(=O)N3C)c1Cl,7.657577319177793,5.996108833763089,O=C1CCc2cc(-c3cccnc3)ccc2N1
GJIMOVZRWLMFEI-GOSISDBHSA-N,CCC(=O)N[C@@H]1CCCc2c(-c3cnc4c(ccn4C)c3)cncc21,,,c1cc2cc(-c3cncc4c3CCCC4)cnc2[nH]1
GJYMWGQOBWQTHA-UHFFFAOYSA-N,CCS(=O)(=O)NC(C)c1cncc(-c2cc3c(cc2F)N(C)C(=O)CC3)c1,8.051633986661914,6.245267643276255,O=C1CCc2cc(-c3cccnc3)ccc2N1
GNHCXEMDLAUETI-HXUWFJFHSA-N,CCC(=O)N[C@@H]1CCCc2c(-c3ccc4c(c3)CCCC(=O)N4C)cncc21,7.610833915635467,5.593119329950875,O=C1CCCc2cc(-c3cncc4c3CCCC4)ccc2N1
GPIOQJPQKDGLHZ-HHHXNRCGSA-N,Cc1c(CN[S@+]([O-])C(C)(C)C)cncc1-c1ccc2c(c1)CCC(=O)N2C,,,O=C1CCc2cc(-c3cccnc3)ccc2N1
GPTLDGWGHCGWTH-UHFFFAOYSA-N,CCC(=O)NC(C)c1cncc(-c2cc3c(cc2F)N(C)C(=O)CC3)c1C,7.619788758288394,5.534468443026451,O=C1CCc2cc(-c3cccnc3)ccc2N1
GPZBQRQUZUTIFW-SFHVURJKSA-N,CC(C)[C@H](CO)Nc1cncc(-c2ccc3c(c2)CCC(=O)N3C)c1,6.769551078621726,4.990549104201306,O=C1CCc2cc(-c3cccnc3)ccc2N1
GQBBHKSSONCHNO-UHFFFAOYSA-N,CCS(=O)(=O)NC1(c2cncc(-c3cc4c(cc3F)N(C)C(=O)CC4)c2)CC1,8.045757490560675,6.376750709602099,O=C1CCc2cc(-c3cncc(C4CC4)c3)ccc2N1
GVMNJIPIZBCQQV-UHFFFAOYSA-N,O=C1CCc2cc(-c3cncc(CNC(=O)c4ncccc4Cl)c3)ccc2N1,6.943095148663527,5.177439663057307,O=C1CCc2cc(-c3cncc(CNC(=O)c4ccccn4)c3)ccc2N1
GXONSPRSCOEXQU-UHFFFAOYSA-N,Cc1c(CNC(=O)c2ncccc2Cl)cncc1-c1cc2c(cc1F)N(C)C(=O)CC2,8.397940008672037,6.804100347590766,O=C1CCc2cc(-c3cncc(CNC(=O)c4ccccn4)c3)ccc2N1
GYVBPGVZLIHUOK-UHFFFAOYSA-N,Cc1cc(C(=O)NCc2cncc(-c3ccc4c(c3)CCC(=O)N4C)c2)c(Cl)nn1,7.0655015487564325,5.588211995456131,O=C1CCc2cc(-c3cncc(CNC(=O)c4ccnnc4)c3)ccc2N1
GZMXIOQLRZYPSW-UHFFFAOYSA-N,CN(Cc1cncc(-c2ccc3c(c2)CCC(=O)N3)c1)C(=O)c1ncccc1Cl,,,O=C1CCc2cc(-c3cncc(CNC(=O)c4ccccn4)c3)ccc2N1
GZZMQYUZMTXRBI-IBGZPJMESA-N,CN1C(=O)CCc2cc(-c3cncc(O[C@H]4CCN(C(=O)C5CC5)C4)c3)ccc21,7.638272163982407,6.3448615651886175,O=C1CCc2cc(-c3cncc(O[C@H]4CCN(C(=O)C5CC5)C4)c3)ccc2N1
HAICWNWRAUVVBM-UHFFFAOYSA-N,CCC(=O)NC1=CCCc2c1cncc2-c1ccc2c(c1)CCC(=O)N2C,,,O=C1CCc2cc(-c3cncc4c3CCC=C4)ccc2N1
HEISYFVILPCHAU-HXUWFJFHSA-N,CN1C(=O)CCc2cc(-c3cncc4c3CCC[C@H]4N3CCOC3=O)ccc21,8.136677139879545,6.441291429466834,O=C1CCc2cc(-c3cncc4c3CCC[C@H]4N3CCOC3=O)ccc2N1
HESOLTSZLMZKQI-LJQANCHMSA-N,CCC(=O)N[C@@H]1CCCc2c(-c3ccc(-n4cnnc4C)c(F)c3)cncc21,,,c1cc(-n2cnnc2)ccc1-c1cncc2c1CCCC2
HKBOGUBRRBPICZ-JOCHJYFZSA-N,CN1C(=O)CCc2cc(-c3cncc4c3CCC[C@H]4N3CCC4(CC4)C3=O)ccc21,7.886056647693163,,O=C1CCc2cc(-c3cncc4c3CCC[C@H]4N3CCC4(CC4)C3=O)ccc2N1
HMTTZMXHUCCDSG-XEVIKCSCSA-N,[2H]C([2H])([2H])NC(=O)N[C@@H]1CCOc2c(-c3ccc4c(c3)OCC(=O)N4C)cncc21,7.459670525209126,,O=C1COc2cc(-c3cncc4c3OCCC4)ccc2N1
HSGKLAIGXVMJHK-UHFFFAOYSA-N,CCS(=O)(=O)NC1CCCc2c(-c3cc(Cl)c4c(c3)CCC(=O)N4C)cncc21,6.653411944875084,4.834536300690655,O=C1CCc2cc(-c3cncc4c3CCCC4)ccc2N1
HURCNBGYUDDMHW-UHFFFAOYSA-N,CCS(=O)(=O)NCc1cncc(-c2ccc3c(c2)CCC(=O)N3)c1,6.166215625343521,4.953387790931554,O=C1CCc2cc(-c3cccnc3)ccc2N1
HUTJWBLXHQNRCC-UHFFFAOYSA-N,CN1C(=O)CCc2cc(-c3cncc(CNC(=O)c4cnoc4C4CC4)c3)ccc21,8.698970004336019,7.356547323513812,O=C1CCc2cc(-c3cncc(CNC(=O)c4cnoc4C4CC4)c3)ccc2N1
HXZOLWNJNFWVML-SFHVURJKSA-N,CC(=O)N1CC[C@H](Oc2cncc(-c3ccc4c(c3)CCC(=O)N4C)c2)C1,9.0,7.309803919971486,O=C1CCc2cc(-c3cncc(O[C@H]4CCNC4)c3)ccc2N1
HZQZICNBYJYWIV-HLENTGRASA-N,[2H]C([2H])([2H])NC(=O)N[C@@H]1CCCc2c(-c3cc(F)c4c(ccc(=O)n4C)c3)cncc21,8.119186407719209,5.923359556329658,O=c1ccc2cc(-c3cncc4c3CCCC4)ccc2[nH]1
HZWIDMSJRZWAQW-UHFFFAOYSA-N,CC(N)c1cncc(-c2ccc3c(c2)CCC(=O)N3C)c1,6.437674539417678,4.896183419418346,O=C1CCc2cc(-c3cccnc3)ccc2N1
IAAABRPWIFPFPF-GOSISDBHSA-N,COC(=O)N[C@@H]1CCCc2c(-c3cc(Cl)c4c(ccc(=O)n4C)c3)cncc21,8.356547323513812,6.204119982655925,O=c1ccc2cc(-c3cncc4c3CCCC4)ccc2[nH]1
IAAABRPWIFPFPF-IATFMEIASA-N,[2H]C([2H])([2H])OC(=O)N[C@@H]1CCCc2c(-c3cc(Cl)c4c(ccc(=O)n4C)c3)cncc21,8.229147988357855,6.098541678603888,O=c1ccc2cc(-c3cncc4c3CCCC4)ccc2[nH]1
ICJMGJBNROMRTB-UHFFFAOYSA-N,CCS(=O)(=O)NC1CCc2c(-c3ccc4c(c3)CCC(=O)N4C)cncc21,7.229147988357855,5.379863945026242,O=C1CCc2cc(-c3cncc4c3CCC4)ccc2N1
IDKAWRXDPLNYBD-HHHXNRCGSA-N,CN1C(=O)CCc2cc(-c3cncc(CN[S@+]([O-])C(C)(C)C)c3Cl)ccc21,7.537602002101044,5.901010360598823,O=C1CCc2cc(-c3cccnc3)ccc2N1
IDTZSGGNTHUZIY-MRXNPFEDSA-N,CCC(=O)N[C@@H]1CCOc2c(-c3ccc4c(c3)COC(=O)N4C)cncc21,8.086186147616283,5.470569645633014,O=C1Nc2ccc(-c3cncc4c3OCCC4)cc2CO1
IEMOJOBJODGCOV-LJQANCHMSA-N,CN(C)C(=O)N[C@@H]1CCCc2c(-c3ccc4c(c3)CCC(=O)N4C)cncc21,8.130768280269024,5.976336081802207,O=C1CCc2cc(-c3cncc4c3CCCC4)ccc2N1
IEMOJOBJODGCOV-UZKBIAKZSA-N,[2H]C([2H])([2H])N(C(=O)N[C@@H]1CCCc2c(-c3ccc4c(c3)CCC(=O)N4C)cncc21)C([2H])([2H])[2H],7.709965388637482,5.908684840302777,O=C1CCc2cc(-c3cncc4c3CCCC4)ccc2N1
IFTBTGKHAAMIKU-MKJPBZQASA-N,CCC(=O)N[C@@H]1CCCc2c(-c3ccc4c(c3)C3CC3C(=O)N4C)cncc21,,,O=C1Nc2ccc(-c3cncc4c3CCCC4)cc2C2CC12
IGPXHRUKQXFJBE-UHFFFAOYSA-N,CCS(=O)(=O)N(C)CCOc1cncc(-c2cc3c(cc2F)N(C)C(=O)CC3)c1,,8.154901959985743,O=C1CCc2cc(-c3cccnc3)ccc2N1
IJKGCYMUUNEUTH-GOSISDBHSA-N,CCC(=O)N[C@@H]1CCCc2c(-c3ccc4c(ccc(=O)n4C(F)F)c3)cncc21,7.485452247339714,,O=c1ccc2cc(-c3cncc4c3CCCC4)ccc2[nH]1
ILZUPCUQQHFFAG-LJQANCHMSA-N,CCC(=O)N[C@@H]1CCCc2c(-c3ccc4c(c3)C3(CC3)C(=O)N4C)cncc21,,,O=C1Nc2ccc(-c3cncc4c3CCCC4)cc2C12CC2
IPNKSKXJPTYUGU-UHFFFAOYSA-N,CN1C(=O)CCc2cc(-c3cncc(CNS(=O)(=O)C4CC4)c3)ccc21,7.327902142064282,6.229884705212898,O=C1CCc2cc(-c3cncc(CNS(=O)(=O)C4CC4)c3)ccc2N1
IRRUQQMVIWFUMB-LJQANCHMSA-N,CCC(=O)N[C@@H]1CCCc2c(-c3ccc4c(c3)CCOC(=O)N4C)cncc21,,,O=C1Nc2ccc(-c3cncc4c3CCCC4)cc2CCO1
IRTUTABPBSMNRR-UHFFFAOYSA-N,CN1C(=O)CCc2cc(-c3cncc(CNC(=O)CC(F)(F)F)c3)ccc21,6.91721462968355,5.941194513324093,O=C1CCc2cc(-c3cccnc3)ccc2N1
ITOUVTFXCLSMHN-UHFFFAOYSA-N,CCS(=O)(=O)NC1CCCc2c(-c3cc4c(cc3F)N(C)C(=O)CC4)cncc21,6.545863516464501,5.105535908340627,O=C1CCc2cc(-c3cncc4c3CCCC4)ccc2N1
IUBYDYNRSAIOJD-JOTALGBPSA-N,[2H]C([2H])([2H])NC(=O)N[C@@H]1CCCc2c(-c3ccc4c(c3)OCC(=O)N4C)cncc21,7.826813731587726,5.667763584508557,O=C1COc2cc(-c3cncc4c3CCCC4)ccc2N1
IUBYDYNRSAIOJD-MRXNPFEDSA-N,CNC(=O)N[C@@H]1CCCc2c(-c3ccc4c(c3)OCC(=O)N4C)cncc21,7.931814138253838,5.809108283077831,O=C1COc2cc(-c3cncc4c3CCCC4)ccc2N1
IULABKUSNFRRDI-UHFFFAOYSA-N,Cc1cc(F)cc(C)c1C(=O)NCc1cncc(-c2ccc3c(c2)CCC(=O)N3C)c1,7.638272163982407,6.212539525481585,O=C1CCc2cc(-c3cncc(CNC(=O)c4ccccc4)c3)ccc2N1
IWUBNNUBBQIASY-LJQANCHMSA-N,CCNC(=O)N[C@@H]1CCCc2c(-c3ccc4c(c3)CCC(=O)N4C)cncc21,7.549750891680639,,O=C1CCc2cc(-c3cncc4c3CCCC4)ccc2N1
JEWHTUVJRUFBNV-UHFFFAOYSA-N,CN1C(=O)CCc2cc(-c3cncc(CN)c3)c(F)cc21,7.769551078621726,6.2403321553103694,O=C1CCc2cc(-c3cccnc3)ccc2N1
JFGADZPECLDUDB-UHFFFAOYSA-N,COc1cc(C(=O)NCc2cncc(-c3ccc4c(c3)CCC(=O)N4C)c2)on1,7.823908740944319,6.1249387366083,O=C1CCc2cc(-c3cncc(CNC(=O)c4ccno4)c3)ccc2N1
JGFSLJQNIHEKJP-UHFFFAOYSA-N,Cc1noc(C(F)(F)F)c1C(=O)NCc1cncc(-c2ccc3c(c2)CCC(=O)N3C)c1,7.327902142064282,5.613857891069181,O=C1CCc2cc(-c3cncc(CNC(=O)c4cnoc4)c3)ccc2N1
JGXHHHSFPWASBY-UHFFFAOYSA-N,CN1C(=O)CCc2cc(-c3cncc(OCCNC(=O)OC(C)(C)C)c3)ccc21,8.0,6.920818753952375,O=C1CCc2cc(-c3cccnc3)ccc2N1
JKGUWJPSQLGLQF-UHFFFAOYSA-N,CN1C(=O)CCc2cc(-c3cncc4c3CCCC4O)ccc21,8.046043728572469,6.580864524976694,O=C1CCc2cc(-c3cncc4c3CCCC4)ccc2N1
JPKDAVAFYBZEGJ-UHFFFAOYSA-N,CCS(=O)(=O)NCc1cncc(-c2ccc3c(c2)CCC(=O)N3C)c1C,7.387216143280264,5.768530409569319,O=C1CCc2cc(-c3cccnc3)ccc2N1
JQACWJRUDPWMEO-UHFFFAOYSA-N,CN1C(=O)CCc2cc(-c3cncc4c3CCCN4CCNC(=O)OC(C)(C)C)ccc21,7.638272163982407,6.376750709602099,O=C1CCc2cc(-c3cncc4c3CCCN4)ccc2N1
JQSJSJQWEMKOQI-UHFFFAOYSA-N,Cc1c(CN(C)C(=O)c2ncccc2Cl)cncc1-c1ccc2c(c1)CCC(=O)N2C,8.0,6.18309616062434,O=C1CCc2cc(-c3cncc(CNC(=O)c4ccccn4)c3)ccc2N1
JRBDBDZUCZCPBP-UHFFFAOYSA-N,Cc1cccc(C(=O)NCc2cncc(-c3ccc4c(c3)CCC(=O)N4C)c2)n1,8.096910013008056,6.91721462968355,O=C1CCc2cc(-c3cncc(CNC(=O)c4ccccn4)c3)ccc2N1
JUXPXIBUMHCZOP-UHFFFAOYSA-N,CN1C(=O)CCc2cc(-c3cncc(CNS(=O)(=O)c4ccc(Cl)c(Cl)c4)c3)ccc21,6.809668301829708,5.862013267276469,O=C1CCc2cc(-c3cncc(CNS(=O)(=O)c4ccccc4)c3)ccc2N1
JVSCRQDWLWMTAI-UHFFFAOYSA-N,CN1C(=O)CCc2cc(-c3cncc(NC(=O)CO)c3)ccc21,6.145693958198919,,O=C1CCc2cc(-c3cccnc3)ccc2N1
JXVKDYMMDBIZHD-UHFFFAOYSA-N,O=C1CCc2nc(-c3cccnc3)ccc2N1,5.901010360598823,,O=C1CCc2nc(-c3cccnc3)ccc2N1
JZCYTDLJQHVMFZ-FQEVSTJZSA-N,COC(=O)[C@@H]1CCCN1Cc1cncc(-c2ccc3c(c2)CCC(=O)N3C)c1,7.602059991327962,7.0,O=C1CCc2cc(-c3cncc(CN4CCCC4)c3)ccc2N1
JZQFLMKDTNGPCQ-MRXNPFEDSA-N,COC(=O)N[C@@H]1CCOc2c(-c3cc(Cl)c4c(ccc(=O)n4C)c3)cncc21,7.882728704344236,5.697452627512514,O=c1ccc2cc(-c3cncc4c3OCCC4)ccc2[nH]1
JZQFLMKDTNGPCQ-ZMAHMCKTSA-N,[2H]C([2H])([2H])OC(=O)N[C@@H]1CCOc2c(-c3cc(Cl)c4c(ccc(=O)n4C)c3)cncc21,7.866461091629782,5.778846678045295,O=c1ccc2cc(-c3cncc4c3OCCC4)ccc2[nH]1
KAEZSCPZAMHPHI-GOSISDBHSA-N,CCC(=O)N[C@@H]1CCCc2c(-c3cnc4c(c3)CCCN4C(N)=O)cncc21,7.772113295386326,,c1nc2c(cc1-c1cncc3c1CCCC3)CCCN2
KAICNFPCYYNJMW-JCNGFBMWSA-N,[2H]C([2H])([2H])NC(=O)N[C@@H]1CCCc2c(-c3ccc4c(c3)COC(=O)N4C)cncc21,8.022276394711152,,O=C1Nc2ccc(-c3cncc4c3CCCC4)cc2CO1
KAICNFPCYYNJMW-QGZVFWFLSA-N,CNC(=O)N[C@@H]1CCCc2c(-c3ccc4c(c3)COC(=O)N4C)cncc21,8.1249387366083,6.531652669587842,O=C1Nc2ccc(-c3cncc4c3CCCC4)cc2CO1
KDEIEUQOHLJUAA-JCNGFBMWSA-N,[2H]C([2H])([2H])NC(=O)N[C@@H]1CCOc2c(-c3ccc4c(c3)cc(C#N)n4C)cncc21,8.638272163982407,6.548213564475709,c1cc2cc(-c3cncc4c3OCCC4)ccc2[nH]1
KDEIEUQOHLJUAA-QGZVFWFLSA-N,CNC(=O)N[C@@H]1CCOc2c(-c3ccc4c(c3)cc(C#N)n4C)cncc21,8.602059991327963,6.507239610973162,c1cc2cc(-c3cncc4c3OCCC4)ccc2[nH]1
KDSWRWPNBSBGHZ-UHFFFAOYSA-N,CN1C(=O)CCc2cc(-c3cncc(OC4CCN(C(=O)OC(C)(C)C)CC4)c3)ccc21,8.522878745280337,7.619788758288394,O=C1CCc2cc(-c3cncc(OC4CCNCC4)c3)ccc2N1
KISCUWVJAICITL-VNXKLFFKSA-N,CC(N[S@+]([O-])C(C)(C)C)c1cncc(-c2ccc3c(c2)CCC(=O)N3C)c1,7.49148333035061,6.318484674188479,O=C1CCc2cc(-c3cccnc3)ccc2N1
KOEJHYJPBCNOLV-HXUWFJFHSA-N,CCC(=O)N[C@@H]1CCCc2c(-c3ccc4c(c3)cc(C#N)n4C)cncc21,8.853871964321762,6.575118363368933,c1cc2cc(-c3cncc4c3CCCC4)ccc2[nH]1
KQRINTUXSYIHLV-UHFFFAOYSA-N,Cc1cc(Cl)cnc1C(=O)NCc1cncc(-c2ccc3c(c2)CCC(=O)N3C)c1,,8.096910013008056,O=C1CCc2cc(-c3cncc(CNC(=O)c4ccccn4)c3)ccc2N1
KUOYHWGZBPPJPZ-UHFFFAOYSA-N,CN1C(=O)CCc2cc(-c3cncc(CNC(=O)c4cnoc4C(F)(F)F)c3)ccc21,6.756961951313706,5.422623108082986,O=C1CCc2cc(-c3cncc(CNC(=O)c4cnoc4)c3)ccc2N1
KYBHEHHVNDXPIL-GOSISDBHSA-N,COC(=O)N[C@@H]1CCCc2c(-c3cc(F)c4c(ccc(=O)n4C)c3)cncc21,8.161150909262744,6.142667503568732,O=c1ccc2cc(-c3cncc4c3CCCC4)ccc2[nH]1
KYBHEHHVNDXPIL-IATFMEIASA-N,[2H]C([2H])([2H])OC(=O)N[C@@H]1CCCc2c(-c3cc(F)c4c(ccc(=O)n4C)c3)cncc21,8.229147988357855,6.147520006363144,O=c1ccc2cc(-c3cncc4c3CCCC4)ccc2[nH]1
KZJGHTHQARJREA-UHFFFAOYSA-N,Cc1c(-c2ccc3c(c2)CCC(=O)N3C)cncc1C(C)N,6.6020599913279625,4.823561444258955,O=C1CCc2cc(-c3cccnc3)ccc2N1
LAMJHWNSMLXCTN-UHFFFAOYSA-N,CN1C(=O)CCc2cc(-c3cncc(OCCNC(=O)OC(C)(C)C)c3)c(F)cc21,9.0,7.795880017344075,O=C1CCc2cc(-c3cccnc3)ccc2N1
LAOYJSJJOCKJNT-OAQYLSRUSA-N,CN1C(=O)CCc2cc(-c3cncc4c3CCC[C@H]4N3CCCC3=O)ccc21,8.09151498112135,,O=C1CCc2cc(-c3cncc4c3CCC[C@H]4N3CCCC3=O)ccc2N1
LBJYRYYRKJIOGM-UHFFFAOYSA-N,CN1C(=O)CCc2cc(-c3cncc(CN)c3)ccc21,7.1487416512809245,5.590066876668706,O=C1CCc2cc(-c3cccnc3)ccc2N1
LFLALODCSTVUGP-UHFFFAOYSA-N,CCS(=O)(=O)N(C)Cc1cncc(-c2cc3c(cc2F)N(C)C(=O)CC3)c1,8.301029995663981,6.924453038607469,O=C1CCc2cc(-c3cccnc3)ccc2N1
LFQHLXKJVGDOPH-FATZIPQQSA-N,CCC(=O)N[C@@H]1c2cncc(-c3ccc4c(c3)CCC(=O)N4C)c2CC[C@H]1C,6.788803581886314,6.281000362121282,O=C1CCc2cc(-c3cncc4c3CCCC4)ccc2N1
LFQHLXKJVGDOPH-LFVRLGFBSA-N,CCC(=O)N[C@H]1c2cncc(-c3ccc4c(c3)CCC(=O)N4C)c2CC[C@@H]1C,,,O=C1CCc2cc(-c3cncc4c3CCCC4)ccc2N1
LFQHLXKJVGDOPH-PSLXWICFSA-N,CCC(=O)N[C@@H]1c2cncc(-c3ccc4c(c3)CCC(=O)N4C)c2CC[C@@H]1C,6.3310552655422665,4.713855777599323,O=C1CCc2cc(-c3cncc4c3CCCC4)ccc2N1
LFQHLXKJVGDOPH-QKFKETGDSA-N,CCC(=O)N[C@H]1c2cncc(-c3ccc4c(c3)CCC(=O)N4C)c2CC[C@H]1C,7.354577730650908,5.403413899309727,O=C1CCc2cc(-c3cncc4c3CCCC4)ccc2N1
LGECSSVAXLBSOF-GOSISDBHSA-N,CN1C(=O)CCc2cc(-c3cncc4c3CCC[C@H]4NS(C)(=O)=O)ccc21,7.769551078621726,5.715163362357604,O=C1CCc2cc(-c3cncc4c3CCCC4)ccc2N1
LHCHDTCQECYFSB-MRXNPFEDSA-N,COC(=O)N[C@@H]1CCOc2c(-c3cc(F)c4c(ccc(=O)n4C)c3)cncc21,7.826813731587726,5.655607726314889,O=c1ccc2cc(-c3cncc4c3OCCC4)ccc2[nH]1
LHCHDTCQECYFSB-ZMAHMCKTSA-N,[2H]C([2H])([2H])OC(=O)N[C@@H]1CCOc2c(-c3cc(F)c4c(ccc(=O)n4C)c3)cncc21,7.954677021213342,5.674689628288939,O=c1ccc2cc(-c3cncc4c3OCCC4)ccc2[nH]1
LIMMXSVYYZHFLA-UHFFFAOYSA-N,CCS(=O)(=O)N(Cc1cncc(-c2ccc3c(c2)CCC(=O)N3C)c1)C(C)C,6.6439741428068775,5.011396456654336,O=C1CCc2cc(-c3cccnc3)ccc2N1
LJKBGWSXLAQBFK-UHFFFAOYSA-N,COc1nc(Cl)cnc1C(=O)NCc1cncc(-c2ccc3c(c2)CCC(=O)N3C)c1,8.522878745280337,7.026872146400302,O=C1CCc2cc(-c3cncc(CNC(=O)c4cnccn4)c3)ccc2N1
LQIHCYMHVMXGDK-UHFFFAOYSA-N,CN1C(=O)CCc2cc(-c3cncc(CNC(=O)c4coc(C(F)(F)F)c4)c3)ccc21,7.468521082957745,6.279014255846261,O=C1CCc2cc(-c3cncc(CNC(=O)c4ccoc4)c3)ccc2N1
LRMNCHZTJJHQTL-KRWDZBQOSA-N,CN1C(=O)CCc2cc(-c3cncc(OC[C@@H]4CCCN4)c3)ccc21,6.1487416512809245,,O=C1CCc2cc(-c3cncc(OC[C@@H]4CCCN4)c3)ccc2N1
LRMNCHZTJJHQTL-QGZVFWFLSA-N,CN1C(=O)CCc2cc(-c3cncc(OC[C@H]4CCCN4)c3)ccc21,,,O=C1CCc2cc(-c3cncc(OC[C@H]4CCCN4)c3)ccc2N1
LRUXWGDUSFXWBJ-UHFFFAOYSA-N,CN1C(=O)CCc2cc(-c3cncc(CNS(=O)(=O)c4cnn(C)c4)c3)ccc21,6.7447274948966935,5.100562545713823,O=C1CCc2cc(-c3cncc(CNS(=O)(=O)c4cn[nH]c4)c3)ccc2N1
LTCVKJMMHFYGDK-UHFFFAOYSA-N,CN1C(=O)CCc2cc(-c3cncc(CNC(=O)c4ncccc4Cl)c3)ccc21,8.397940008672037,6.166215625343521,O=C1CCc2cc(-c3cncc(CNC(=O)c4ccccn4)c3)ccc2N1
LVDKZTHQIJVVBW-UHFFFAOYSA-N,CCS(=O)(=O)NC1CCCc2c(-c3ccc4c(c3)CCC(=O)N4C)cncc21,6.74080282715126,5.330426166066741,O=C1CCc2cc(-c3cncc4c3CCCC4)ccc2N1
LVMZQFBEGHABBP-INIZCTEOSA-N,CN1C(=O)CCc2cc(-c3cncc(N4C(=O)CC[C@H]4CO)c3)ccc21,6.496209316942819,4.747389659432627,O=C1CCc2cc(-c3cncc(N4CCCC4=O)c3)ccc2N1
LVPJILANHQHUDC-UHFFFAOYSA-N,CN1C(=O)CCc2cc(-c3cncc(CNC(=O)c4cccnn4)c3)ccc21,8.522878745280337,7.318758762624412,O=C1CCc2cc(-c3cncc(CNC(=O)c4cccnn4)c3)ccc2N1
LWFYQQLXORQRQY-UHFFFAOYSA-N,CN(Cc1cncc(-c2cc3c(cc2F)N(C)C(=O)CC3)c1)C(=O)c1ncccc1Cl,9.0,7.508638306165727,O=C1CCc2cc(-c3cncc(CNC(=O)c4ccccn4)c3)ccc2N1
LWJJBBIKNBBZBX-UHFFFAOYSA-N,CCOCCN(Cc1cncc(-c2ccc3c(c2)CCC(=O)N3C)c1)S(=O)(=O)CC,6.198596289982645,5.032031037121308,O=C1CCc2cc(-c3cccnc3)ccc2N1
LYAKMBIVMFUXRF-QGZVFWFLSA-N,CCC(=O)N[C@@H]1CCOc2c(-c3ccc4c(ccc(=O)n4C)c3)cncc21,7.860120913598763,4.726096333579029,O=c1ccc2cc(-c3cncc4c3OCCC4)ccc2[nH]1
LYTOORZDRNVGTN-FQEVSTJZSA-N,CN1C(=O)CCc2cc(-c3cncc(CN4CCC[C@H]4COCC(F)(F)F)c3)ccc21,7.494850021680094,6.4089353929735005,O=C1CCc2cc(-c3cncc(CN4CCCC4)c3)ccc2N1
LZEDXIWJMHZTNA-GOSISDBHSA-N,CCC(=O)N[C@@H]1CCOc2c(-c3cc(Cl)c4c(c3)cc(C#N)n4C)cncc21,7.935542010773082,,c1cc2cc(-c3cncc4c3OCCC4)ccc2[nH]1
MCAYBAAYRTZCPU-QGZVFWFLSA-N,CCC(=O)N[C@@H]1CCCc2c(-c3ccc(C4(C(N)=O)CC4)nc3)cncc21,,,c1cc(C2CC2)ncc1-c1cncc2c1CCCC2
MEAPYWDUVGXTKJ-QGZVFWFLSA-N,CCC(=O)N[C@@H]1CCCc2c(-c3ccc4c(c3)C(F)(F)C(=O)N4C)cncc21,,,O=C1Cc2cc(-c3cncc4c3CCCC4)ccc2N1
MFPSBAYYTUXPSS-GOSISDBHSA-N,CCC(=O)N[C@@H]1CCCc2c(-c3ccc4c(cnn4C)c3)cncc21,7.576754126063192,,c1cc2[nH]ncc2cc1-c1cncc2c1CCCC2
MGNPQPFTSXUBEB-GOSISDBHSA-N,CCC(=O)N[C@@H]1CCCc2c(-c3ccc4c(ccc(=O)n4C)c3F)cncc21,7.481486060122112,,O=c1ccc2cc(-c3cncc4c3CCCC4)ccc2[nH]1
MMYHXZADAJWGQD-UHFFFAOYSA-N,CN1C(=O)CCc2cc(-c3cncc(CNC(=O)c4cnc(C(F)(F)F)cn4)c3)ccc21,8.154901959985743,6.192464971931146,O=C1CCc2cc(-c3cncc(CNC(=O)c4cnccn4)c3)ccc2N1
MNTVDZGYDOPEHF-WGSAOQKQSA-N,CN1C(=O)CCc2cc(-c3cncc(O[C@H]4CC[C@H](NS(C)(=O)=O)CC4)c3)ccc21,9.0,7.142667503568731,O=C1CCc2cc(-c3cncc(OC4CCCCC4)c3)ccc2N1
MOVGDJQVPDKBSG-MUUNZHRXSA-N,Cc1c(CN[S@+]([O-])C(C)(C)C)cncc1-c1cc2c(cc1F)N(C)C(=O)CC2,8.221848749616356,6.1605219526258015,O=C1CCc2cc(-c3cccnc3)ccc2N1
MQTZTCUBLJOBGG-OAHLLOKOSA-N,CCC(=O)N[C@@H]1CCOc2c(-c3ccc4c(c3)OCC(=O)N4C)cncc21,7.449771646944906,,O=C1COc2cc(-c3cncc4c3OCCC4)ccc2N1
MSPPPNTXAVXJOO-UHFFFAOYSA-N,CN1C(=O)CCc2cc(-c3cncc(C(C)(C)N)c3)ccc21,8.154901959985743,6.995678626217357,O=C1CCc2cc(-c3cccnc3)ccc2N1
MTRDKFHDOOLSDS-OAQYLSRUSA-N,CN1CCN([C@@H]2CCCc3c(-c4ccc5c(c4)CCC(=O)N5C)cncc32)C1=O,8.327902142064282,6.560667306169737,O=C1CCc2cc(-c3cncc4c3CCC[C@H]4N3CCNC3=O)ccc2N1
MVAGBHSXTRYRKB-IBGZPJMESA-N,CN1C(=O)CCc2cc(-c3cncc(OC[C@@H]4CCN4C(=O)C4CC4)c3)ccc21,7.366531544420414,5.513144644723057,O=C1CCc2cc(-c3cncc(OC[C@@H]4CCN4C(=O)C4CC4)c3)ccc2N1
MWDUXRQPKORTRA-UHFFFAOYSA-N,CCS(=O)(=O)N1CCC(Oc2cncc(-c3ccc4c(c3)CCC(=O)N4C)c2)CC1,9.0,8.096910013008056,O=C1CCc2cc(-c3cncc(OC4CCNCC4)c3)ccc2N1
MXVBOXSXNLIPDW-KRWDZBQOSA-N,CCC(=O)N[C@H]1CCOc2c(-c3ccc4c(c3)CCC(=O)N4C)cncc21,,,O=C1CCc2cc(-c3cncc4c3OCCC4)ccc2N1
MXVBOXSXNLIPDW-QGZVFWFLSA-N,CCC(=O)N[C@@H]1CCOc2c(-c3ccc4c(c3)CCC(=O)N4C)cncc21,7.910094888560602,,O=C1CCc2cc(-c3cncc4c3OCCC4)ccc2N1
MXZILSOXLCCLOI-CKNGIIGNSA-N,CCC(=O)N[C@H]1c2cncc(-c3ccc4c(c3)CCC(=O)N4C)c2C[C@H]2C[C@H]21,,,O=C1CCc2cc(-c3cncc4c3C[C@H]3C[C@H]3C4)ccc2N1
MXZILSOXLCCLOI-KXNSMUHISA-N,CCC(=O)N[C@@H]1c2cncc(-c3ccc4c(c3)CCC(=O)N4C)c2C[C@@H]2C[C@@H]21,,,O=C1CCc2cc(-c3cncc4c3C[C@@H]3C[C@@H]3C4)ccc2N1
MXZILSOXLCCLOI-LNPFQXMTSA-N,CCC(=O)N[C@@H]1c2cncc(-c3ccc4c(c3)CCC(=O)N4C)c2C[C@H]2C[C@H]21,,,O=C1CCc2cc(-c3cncc4c3C[C@H]3C[C@H]3C4)ccc2N1
MXZILSOXLCCLOI-PBPSECFOSA-N,CCC(=O)N[C@H]1c2cncc(-c3ccc4c(c3)CCC(=O)N4C)c2C[C@@H]2C[C@@H]21,,,O=C1CCc2cc(-c3cncc4c3C[C@@H]3C[C@@H]3C4)ccc2N1
MXZVZROIPFVDAT-KRWDZBQOSA-N,CN1C(=O)CCc2cc(-c3cncc(O[C@H]4CCN(C(=O)OC(C)(C)C)C4)c3)c(F)cc21,7.522878745280337,6.856985199745905,O=C1CCc2cc(-c3cncc(O[C@H]4CCNC4)c3)ccc2N1
MXZVZROIPFVDAT-QGZVFWFLSA-N,CN1C(=O)CCc2cc(-c3cncc(O[C@@H]4CCN(C(=O)OC(C)(C)C)C4)c3)c(F)cc21,8.301029995663981,6.525783735923745,O=C1CCc2cc(-c3cncc(O[C@@H]4CCNC4)c3)ccc2N1
MYDONIUTAFVGDN-UHFFFAOYSA-N,CCS(=O)(=O)NCc1cncc(-c2ccc3c(n2)CCC(=O)N3C)c1,5.888401475119606,,O=C1CCc2nc(-c3cccnc3)ccc2N1
NAQYFVMWQOKYJZ-GOSISDBHSA-N,CCC(=O)N[C@@H]1CCOc2c(-c3ccc4c(c3)cc(C#N)n4C)cncc21,8.744727494896694,6.5003129173815966,c1cc2cc(-c3cncc4c3OCCC4)ccc2[nH]1
NAQYFVMWQOKYJZ-SFHVURJKSA-N,CCC(=O)N[C@H]1CCOc2c(-c3ccc4c(c3)cc(C#N)n4C)cncc21,,,c1cc2cc(-c3cncc4c3OCCC4)ccc2[nH]1
NIXGHBHIMPTIEW-UHFFFAOYSA-N,CCS(=O)(=O)NCCN1CCCc2c(-c3ccc4c(c3)CCC(=O)N4C)cncc21,7.958607314841775,6.6777807052660805,O=C1CCc2cc(-c3cncc4c3CCCN4)ccc2N1
NJGRFPFDAJLOMU-UHFFFAOYSA-N,CCS(=O)(=O)NCc1cncc(-c2cc3c(cc2F)N(C)C(=O)CC3)c1C,7.537602002101044,5.703115524461453,O=C1CCc2cc(-c3cccnc3)ccc2N1
NKCUSYWCUKPWMP-SFHVURJKSA-N,CN1C(=O)CCc2cc(-c3cncc(CN4C(=O)CC[C@H]4CO)c3)ccc21,7.309803919971486,5.632644078973981,O=C1CCc2cc(-c3cncc(CN4CCCC4=O)c3)ccc2N1
NKFZRLIPLAZGCW-UHFFFAOYSA-N,CN1C(=O)CCc2cc(-c3cncc(CN4CCS(=O)(=O)CC4)c3)ccc21,8.522878745280337,7.698970004336019,O=C1CCc2cc(-c3cncc(CN4CCS(=O)(=O)CC4)c3)ccc2N1
NKHZGBPVHUWXNC-UHFFFAOYSA-N,CCS(=O)(=O)NCc1cncc(-c2ccc3c(c2)CCC(=O)N3C)c1,7.721246399047171,5.920818753952375,O=C1CCc2cc(-c3cccnc3)ccc2N1
NKLDJLLDFLARLL-IBGZPJMESA-N,CN1C(=O)CCc2cc(-c3cncc(N4CCC[C@H]4Cn4cncn4)c3)ccc21,7.119186407719209,6.3872161432802645,O=C1CCc2cc(-c3cncc(N4CCC[C@H]4Cn4cncn4)c3)ccc2N1
NKVZHHMNZOQCKT-UHFFFAOYSA-N,CCC(=O)NC1(c2cncc(-c3ccc4c(c3)CCC(=O)N4C)c2)COC1,6.790484985457369,4.979514414203448,O=C1CCc2cc(-c3cncc(C4COC4)c3)ccc2N1
NLCQMBKQERUKRK-LJQANCHMSA-N,CCC(=O)N[C@@H]1CCCc2c(-c3ccc(C4(C(N)=O)CC4)c(F)c3)cncc21,,,c1cc(C2CC2)ccc1-c1cncc2c1CCCC2
NPPIUTUYKZIGJS-UHFFFAOYSA-N,Cc1noc(C)c1C(=O)NC(C)c1cncc(-c2ccc3c(c2)CCC(=O)N3C)c1,8.221848749616356,6.787812395596042,O=C1CCc2cc(-c3cncc(CNC(=O)c4cnoc4)c3)ccc2N1
NRJXWOLKOHLQAA-UHFFFAOYSA-N,CN(Cc1cncc(-c2cc3c(cc2F)N(C)C(=O)CC3)c1)C(=O)c1cnn(C)c1,7.886056647693163,6.769551078621726,O=C1CCc2cc(-c3cncc(CNC(=O)c4cn[nH]c4)c3)ccc2N1
NRUUNBMPGYOQLQ-UHFFFAOYSA-N,CN1C(=O)CCc2cc(-c3cncc(C4(NC(=O)c5ncccc5Cl)CC4)c3)c(F)cc21,8.522878745280337,6.42021640338319,O=C1CCc2cc(-c3cncc(C4(NC(=O)c5ccccn5)CC4)c3)ccc2N1
NWMIQPHZUJWRDM-MXVIHJGJSA-N,CCC(=O)N[C@H]1CC[C@H](Oc2cncc(-c3ccc4c(c3)CCC(=O)N4C)c2)CC1,8.397940008672037,6.337242168318426,O=C1CCc2cc(-c3cncc(OC4CCCCC4)c3)ccc2N1
NWOJIKLBLPFUSN-UHFFFAOYSA-N,CN1C(=O)CCc2cc(-c3cncc(NCc4ccccc4)c3)ccc21,8.698970004336019,7.301029995663981,O=C1CCc2cc(-c3cncc(NCc4ccccc4)c3)ccc2N1
NYTSSZNWLPWQGH-IBGZPJMESA-N,CCC(=O)N[C@H]1CC=Cc2c(-c3ccc4c(c3)CCC(=O)N4C)cncc21,,,O=C1CCc2cc(-c3cncc4c3C=CCC4)ccc2N1
NYTSSZNWLPWQGH-LJQANCHMSA-N,CCC(=O)N[C@@H]1CC=Cc2c(-c3ccc4c(c3)CCC(=O)N4C)cncc21,8.2518119729938,6.61261017366127,O=C1CCc2cc(-c3cncc4c3C=CCC4)ccc2N1
OBANXVWUOZLCBG-LJQANCHMSA-N,CCC(=O)N[C@@H]1CCCc2c(-c3ccc4c(c3)CNCC(=O)N4C)cncc21,,,O=C1CNCc2cc(-c3cncc4c3CCCC4)ccc2N1
ODODTXJJEVVNRA-UHFFFAOYSA-N,CN1C(=O)CCc2nc(-c3cccnc3)ccc21,6.380906669373258,4.534319788401723,O=C1CCc2nc(-c3cccnc3)ccc2N1
OHYMINVBBKKTFT-UHFFFAOYSA-N,O=C1CCc2cc(-c3cncc(CNC(=O)c4ncccc4Cl)c3)cc(Cl)c2N1,7.698970004336019,5.65033401590337,O=C1CCc2cc(-c3cncc(CNC(=O)c4ccccn4)c3)ccc2N1
OJMVHTFUZOAMNN-QGZVFWFLSA-N,CCC(=O)N[C@@H]1CCCc2c(-c3ccc4c(cc(C#N)n4C)n3)cncc21,,,c1cc2nc(-c3cncc4c3CCCC4)ccc2[nH]1
OMKNBLDSGSLNIF-UHFFFAOYSA-N,CCS(=O)(=O)NCCOc1cncc(-c2ccc3c(c2)CCC(=O)N3C)c1,8.301029995663981,7.045757490560675,O=C1CCc2cc(-c3cccnc3)ccc2N1
OMXUVRDNZPMOIU-QGZVFWFLSA-N,CCC(=O)N[C@@H]1CCCc2c(-c3ccc4c(c3)NCC(=O)N4C)cncc21,,,O=C1CNc2cc(-c3cncc4c3CCCC4)ccc2N1
OOTRLRJCEWTILP-UHFFFAOYSA-N,CN1C(=O)CCc2cc(-c3cccnc3)ncc21,6.488116639021126,,O=C1CCc2cc(-c3cccnc3)ncc2N1
OPMGPNWOYXEQDY-UHFFFAOYSA-N,Cc1c(CNC(=O)c2ncccc2Cl)cncc1-c1ccc2c(c1)CCC(=O)N2C,8.221848749616356,6.761953896871205,O=C1CCc2cc(-c3cncc(CNC(=O)c4ccccn4)c3)ccc2N1
ORKVIHLVUXTNTO-UHFFFAOYSA-N,CN1C(=O)CCc2cc(-c3cncc(CNC(=O)c4ncoc4C4CC4)c3)ccc21,8.221848749616356,6.728158393463501,O=C1CCc2cc(-c3cncc(CNC(=O)c4ncoc4C4CC4)c3)ccc2N1
OSKSEYRMGXWGHB-IBGZPJMESA-N,CCNC[C@@H]1CCCN1c1cncc(-c2ccc3c(c2)CCC(=O)N3C)c1,6.081445469449727,,O=C1CCc2cc(-c3cncc(N4CCCC4)c3)ccc2N1
OUDMBPWRBJMAAW-UHFFFAOYSA-N,CCS(=O)(=O)NC(C)(C)c1cncc(-c2ccc3c(c2)CCC(=O)N3C)c1,8.397940008672037,6.571865205971212,O=C1CCc2cc(-c3cccnc3)ccc2N1
OVNZBXNELOCUEL-UHFFFAOYSA-N,CN1C(=O)CCc2cc(-c3cncc(CNC(=O)c4ncccc4Cl)c3Cl)ccc21,8.698970004336019,7.397940008672037,O=C1CCc2cc(-c3cncc(CNC(=O)c4ccccn4)c3)ccc2N1
OVXVVZUOUHSOPB-IYARVYRRSA-N,CN1C(=O)CCc2cc(-c3cncc(O[C@H]4CC[C@H](N)CC4)c3)ccc21,7.091514981121351,5.602581457648652,O=C1CCc2cc(-c3cncc(OC4CCCCC4)c3)ccc2N1
OXRCUBTYBALBHY-UHFFFAOYSA-N,Cc1c(-c2cc3c(cc2F)N(C)C(=O)CC3)cncc1C(C)N,6.714442690992226,5.349206960348069,O=C1CCc2cc(-c3cccnc3)ccc2N1
OYJQLROWYQMPRN-GOSISDBHSA-N,CN(C)C(=O)N[C@@H]1CCCc2c(-c3ccc4c(c3)COC(=O)N4C)cncc21,8.013228265733755,6.505845405981558,O=C1Nc2ccc(-c3cncc4c3CCCC4)cc2CO1
OYTJWKZMQXQVQT-UHFFFAOYSA-N,Cc1noc(C)c1C(=O)NCc1cncc(-c2cc3c(cc2F)N(C)C(=O)CC3)c1,7.920818753952375,6.3979400086720375,O=C1CCc2cc(-c3cncc(CNC(=O)c4cnoc4)c3)ccc2N1
PABPXNBLRGTCSE-QGZVFWFLSA-N,CCC(=O)N[C@@H]1CCOc2c(-c3cc(F)c4c(ccc(=O)n4C)c3)cncc21,7.536107011014092,,O=c1ccc2cc(-c3cncc4c3OCCC4)ccc2[nH]1
PASOJJKWUYWRMN-UHFFFAOYSA-N,CCC(=O)NCc1cncc(-c2ccc3c(c2)CCC(=O)N3C)c1,7.356547323513812,5.798602875679548,O=C1CCc2cc(-c3cccnc3)ccc2N1
PBFDMEAHYHEREP-UHFFFAOYSA-N,Cc1nn(C)cc1C(=O)NCc1cncc(-c2ccc3c(c2)CCC(=O)N3C)c1,7.958607314841775,6.443697499232712,O=C1CCc2cc(-c3cncc(CNC(=O)c4cn[nH]c4)c3)ccc2N1
PEWYHJGCPNJCDZ-UHFFFAOYSA-N,CCS(=O)(=O)N(C)C(C)c1cncc(-c2ccc3c(c2)CCC(=O)N3C)c1,7.958607314841775,6.701146923590294,O=C1CCc2cc(-c3cccnc3)ccc2N1
PEZMVBIFITYSBC-UHFFFAOYSA-N,CN1C(=O)CCc2cc(-c3cncc(CNC(=O)c4ccccn4)c3)ccc21,8.221848749616356,6.954677021213342,O=C1CCc2cc(-c3cncc(CNC(=O)c4ccccn4)c3)ccc2N1
PFQOIMPWVJFXSM-GOSISDBHSA-N,CCC(=O)N[C@@H]1CCCc2c(-c3ccc4c(c3)CC(=O)N4C)cncc21,7.616184634019569,,O=C1Cc2cc(-c3cncc4c3CCCC4)ccc2N1
PGJFSNDVILRDMU-UHFFFAOYSA-N,CC(NC(=O)c1ncccc1Cl)c1cncc(-c2ccc3c(c2)CCC(=O)N3C)c1Cl,9.0,8.221848749616356,O=C1CCc2cc(-c3cncc(CNC(=O)c4ccccn4)c3)ccc2N1
PJXOSQIYXVLOPG-UHFFFAOYSA-N,Cc1nocc1C(=O)NCc1cncc(-c2ccc3c(c2)CCC(=O)N3C)c1,7.795880017344075,6.199282921717615,O=C1CCc2cc(-c3cncc(CNC(=O)c4cnoc4)c3)ccc2N1
PKBIBYSRZLYFOR-NVNSKBCASA-N,[2H]C([2H])([2H])OC(=O)N[C@@H]1CCCc2c(-c3ccc4c(c3)COC(=O)N4C)cncc21,8.443697499232712,6.954677021213342,O=C1Nc2ccc(-c3cncc4c3CCCC4)cc2CO1
PKBIBYSRZLYFOR-QGZVFWFLSA-N,COC(=O)N[C@@H]1CCCc2c(-c3ccc4c(c3)COC(=O)N4C)cncc21,,,O=C1Nc2ccc(-c3cncc4c3CCCC4)cc2CO1
PLVBVMFFKDZELP-UHFFFAOYSA-N,CN1C(=O)CCc2cc(-c3cncc(OCCN)c3)c(F)cc21,8.301029995663981,6.289882634888183,O=C1CCc2cc(-c3cccnc3)ccc2N1
PLWZQHHWHQDCSN-UHFFFAOYSA-N,CN1C(=O)CCc2cc(-c3cncc(CNC(=O)c4nccn4C)c3)ccc21,8.045757490560675,7.337242168318426,O=C1CCc2cc(-c3cncc(CNC(=O)c4ncc[nH]4)c3)ccc2N1
PMHCKCLWDPBNNV-UHFFFAOYSA-N,CN1C(=O)CCc2cc(-c3cncc(NCCO[Si](C)(C)C(C)(C)C)c3)ccc21,7.958607314841775,6.455931955649724,O=C1CCc2cc(-c3cccnc3)ccc2N1
PNLIMEXELXBTIB-UHFFFAOYSA-N,CCS(=O)(=O)NCc1cncc(-c2cc(F)c3c(c2)CCC(=O)N3C)c1,7.229147988357855,5.376543951930066,O=C1CCc2cc(-c3cccnc3)ccc2N1
PNXQJOWNYRUIIT-QGZVFWFLSA-N,CN1C(=O)CCc2cc(-c3cncc4c3CCC[C@H]4N)ccc21,8.2518119729938,6.346884006834433,O=C1CCc2cc(-c3cncc4c3CCCC4)ccc2N1
POANQOCZZSKULT-UHFFFAOYSA-N,CCC(=O)NCCOc1cncc(-c2ccc3c(c2)CCC(=O)N3C)c1,7.397940008672037,5.806875401645538,O=C1CCc2cc(-c3cccnc3)ccc2N1
PQWJJXGAHUHGRR-UHFFFAOYSA-N,CC(N)c1cncc(-c2ccc3c(c2)CCC(=O)N3C)c1Cl,7.455931955649724,5.904133546521457,O=C1CCc2cc(-c3cccnc3)ccc2N1
PRAVHWYRPCMUPQ-UHFFFAOYSA-N,CCS(=O)(=O)NC1CCCc2c(-c3cc(F)c4c(c3)CCC(=O)N4C)cncc21,6.6219656775426685,4.682996550097203,O=C1CCc2cc(-c3cncc4c3CCCC4)ccc2N1
PSQVHSMHQNDIQN-UHFFFAOYSA-N,CN1C(=O)CCc2cc(-c3cncc(NCc4ccccc4)n3)c(F)cc21,8.154901959985743,6.568636235841012,O=C1CCc2cc(-c3cncc(NCc4ccccc4)n3)ccc2N1
PUMVDLKHXKZWLU-UHFFFAOYSA-N,CC(NC(=O)c1ncccc1Cl)c1cncc(-c2ccc3c(c2)CCC(=O)N3C)c1,9.0,8.154901959985743,O=C1CCc2cc(-c3cncc(CNC(=O)c4ccccn4)c3)ccc2N1
PVBARMVQVCNWHT-UHFFFAOYSA-N,Cc1nc(C(=O)NCc2cncc(-c3ccc4c(c3)CCC(=O)N4C)c2)c(C(F)(F)F)o1,7.494850021680094,5.954677021213342,O=C1CCc2cc(-c3cncc(CNC(=O)c4cocn4)c3)ccc2N1
PYDLSXYBCSOQEO-UHFFFAOYSA-N,CCC(=O)NC1CCCc2c(-c3cc(Cl)c4c(c3)CCC(=O)N4C)cncc21,7.259748431597386,5.194165591879735,O=C1CCc2cc(-c3cncc4c3CCCC4)ccc2N1
PYGTWZAUQMFLOV-KRWDZBQOSA-N,CN1C(=O)CCc2cc(-c3cncc(O[C@H]4CCCNC4)c3)ccc21,6.294136287716081,4.696631123443963,O=C1CCc2cc(-c3cncc(O[C@H]4CCCNC4)c3)ccc2N1
PZAQNJGIBDLZTR-AWEZNQCLSA-N,CCC(=O)N[C@H]1CCc2c(-c3ccc4c(c3)CCC(=O)N4C)n[nH]c2C1,,,O=C1CCc2cc(-c3n[nH]c4c3CCCC4)ccc2N1
PZAQNJGIBDLZTR-CQSZACIVSA-N,CCC(=O)N[C@@H]1CCc2c(-c3ccc4c(c3)CCC(=O)N4C)n[nH]c2C1,,,O=C1CCc2cc(-c3n[nH]c4c3CCCC4)ccc2N1
PZFUZWYMAXRGCW-IBGZPJMESA-N,CCS(=O)(=O)N1CCC[C@H](Oc2cncc(-c3ccc4c(c3)CCC(=O)N4C)c2)C1,6.94692155651658,6.145086977692144,O=C1CCc2cc(-c3cncc(O[C@H]4CCCNC4)c3)ccc2N1
QAKWGGGUFODUDA-UHFFFAOYSA-N,CN1C(=O)CCc2cc(-c3cncc(C4(N)COC4)c3)ccc21,6.386158178123931,5.456925764966468,O=C1CCc2cc(-c3cncc(C4COC4)c3)ccc2N1
QCWGJSMLTQUONO-IBGZPJMESA-N,CN1C(=O)CCc2cc(-c3cncc(O[C@H]4CCN(C(=O)OC(C)(C)C)C4)c3)ccc21,7.309803919971486,6.406713932979542,O=C1CCc2cc(-c3cncc(O[C@H]4CCNC4)c3)ccc2N1
QCWGJSMLTQUONO-LJQANCHMSA-N,CN1C(=O)CCc2cc(-c3cncc(O[C@@H]4CCN(C(=O)OC(C)(C)C)C4)c3)ccc21,8.096910013008056,6.343901797987169,O=C1CCc2cc(-c3cncc(O[C@@H]4CCNC4)c3)ccc2N1
QDCRYZDLHWXAIG-AWEZNQCLSA-N,CN1C(=O)CCc2cc(-c3cncc(O[C@H]4CCNC4)c3)c(F)cc21,,,O=C1CCc2cc(-c3cncc(O[C@H]4CCNC4)c3)ccc2N1
QDCRYZDLHWXAIG-CQSZACIVSA-N,CN1C(=O)CCc2cc(-c3cncc(O[C@@H]4CCNC4)c3)c(F)cc21,6.795880017344075,5.114921615850776,O=C1CCc2cc(-c3cncc(O[C@@H]4CCNC4)c3)ccc2N1
QFDACSWYMHXVRD-UHFFFAOYSA-N,COc1ncc(C(=O)NCc2cncc(-c3ccc4c(c3)CCC(=O)N4C)c2)cn1,8.096910013008056,7.698970004336019,O=C1CCc2cc(-c3cncc(CNC(=O)c4cncnc4)c3)ccc2N1
QJFQPBZIEDIWJE-UHFFFAOYSA-N,CC(C)CC(=O)NCc1cncc(-c2ccc3c(c2)CCC(=O)N3C)c1,7.376750709602099,6.651695136951839,O=C1CCc2cc(-c3cccnc3)ccc2N1
QLVKGSAJVVTTAL-DYRBKOKXSA-N,[2H]C([2H])([2H])OC(=O)N[C@@H]1CCOc2c(-c3ccc4c(c3)COC(=O)N4C)cncc21,8.214670164989233,6.3124710387853655,O=C1Nc2ccc(-c3cncc4c3OCCC4)cc2CO1
QLVKGSAJVVTTAL-OAHLLOKOSA-N,COC(=O)N[C@@H]1CCOc2c(-c3ccc4c(c3)COC(=O)N4C)cncc21,8.18045606445813,6.242603971206976,O=C1Nc2ccc(-c3cncc4c3OCCC4)cc2CO1
QNEBUXDECVUSDC-UHFFFAOYSA-N,CN1C(=O)CCc2cc(-c3cncc(CNC(=O)c4cn(CC(F)(F)F)nc4C4CC4)c3)ccc21,7.657577319177793,5.775725985705742,O=C1CCc2cc(-c3cncc(CNC(=O)c4c[nH]nc4C4CC4)c3)ccc2N1
QQOQWLPLLCCNSG-UHFFFAOYSA-N,CCS(=O)(=O)NCc1cncc(-c2cc(F)c3c(ccc(=O)n3C)c2)c1,5.508498233762674,,O=c1ccc2cc(-c3cccnc3)ccc2[nH]1
QSPSQNATESVKTP-UHFFFAOYSA-N,Cc1c(-c2cc3c(cc2F)N(C)C(=O)CC3)cncc1C(C)NC(=O)c1ncccc1Cl,7.886056647693163,6.536107011014093,O=C1CCc2cc(-c3cncc(CNC(=O)c4ccccn4)c3)ccc2N1
QTPBIGUPVWLHRH-HXUWFJFHSA-N,CN1C(=O)CCc2cc(-c3cncc4c3CCC[C@H]4NC(=O)N3CCC3)ccc21,7.47755576649368,,O=C1CCc2cc(-c3cncc4c3CCC[C@H]4NC(=O)N3CCC3)ccc2N1
QWOWYFFENBMXLD-UHFFFAOYSA-N,Cc1nc(C(=O)NCc2cncc(-c3ccc4c(c3)CCC(=O)N4C)c2)co1,7.107905397309519,6.147520006363144,O=C1CCc2cc(-c3cncc(CNC(=O)c4cocn4)c3)ccc2N1
QZXPTFRYJRAFPZ-UHFFFAOYSA-N,CN1C(=O)CCc2cc(-c3cncc(CNC(=O)c4ncccc4F)c3)ccc21,8.221848749616356,7.1249387366083,O=C1CCc2cc(-c3cncc(CNC(=O)c4ccccn4)c3)ccc2N1
RDQPEYCXPWXJGF-HXUWFJFHSA-N,CN1C(=O)CCc2cc(-c3cncc4c3CCC[C@H]4NC(=O)C3CC3)ccc21,7.335358024443875,5.62712480320661,O=C1CCc2cc(-c3cncc4c3CCC[C@H]4NC(=O)C3CC3)ccc2N1
RDYLLQAKHZLUTA-UHFFFAOYSA-N,CN(Cc1cncc(-c2ccc3c(c2)CCC(=O)N3C)c1)C(=O)c1cnn(C)c1,8.154901959985743,6.72584215073632,O=C1CCc2cc(-c3cncc(CNC(=O)c4cn[nH]c4)c3)ccc2N1
RDZSMQZMIUAPSM-UHFFFAOYSA-N,CN1C(=O)CCc2cc(-c3cncc(CN4CCCCC4=O)c3)ccc21,7.638272163982407,6.096910013008056,O=C1CCc2cc(-c3cncc(CN4CCCCC4=O)c3)ccc2N1
RESAQABNYJJGKY-UHFFFAOYSA-N,CCC(=O)NC1CCCc2c(-c3cc4c(cc3Cl)N(C)C(=O)CC4)cncc21,5.751119833975714,,O=C1CCc2cc(-c3cncc4c3CCCC4)ccc2N1
RFKSSUWYCFBERL-JOTALGBPSA-N,[2H]C([2H])([2H])NC(=O)N[C@@H]1CCOc2c(-c3ccc4c(ccc(=O)n4C)c3)cncc21,7.636388020107856,,O=c1ccc2cc(-c3cncc4c3OCCC4)ccc2[nH]1
RICATSKAXMIGME-UHFFFAOYSA-N,CCC(=O)N1CCC(Oc2cncc(-c3ccc4c(c3)CCC(=O)N4C)c2)CC1,9.0,7.886056647693163,O=C1CCc2cc(-c3cncc(OC4CCNCC4)c3)ccc2N1
RKVRFQZDKCUMJC-UHFFFAOYSA-N,CCS(=O)(=O)NCCOc1cncc(-c2cc3c(cc2F)N(C)C(=O)CC3)c1,9.0,7.585026652029182,O=C1CCc2cc(-c3cccnc3)ccc2N1
RQKUJBRLEXXITP-UHFFFAOYSA-N,CN1C(=O)CCc2cc(-c3cncc(N4CC5(CN(C(=O)OC(C)(C)C)C5)C4)c3)ccc21,6.585026652029182,5.254925208417943,O=C1CCc2cc(-c3cncc(N4CC5(CNC5)C4)c3)ccc2N1
RTZNXQJJCMMOPY-UHFFFAOYSA-N,CCC(=O)NC1CCc2c(-c3ccc4c(c3)CCC(=O)N4C)cncc21,7.903437700822769,6.0994010827704255,O=C1CCc2cc(-c3cncc4c3CCC4)ccc2N1
RVTKMOGWACADBJ-UHFFFAOYSA-N,CN(Cc1cncc(-c2cc3c4c(c2)CCN4C(=O)CC3)c1)C(=O)c1ncccc1Cl,8.096910013008056,6.844663962534939,O=C(NCc1cncc(-c2cc3c4c(c2)CCN4C(=O)CC3)c1)c1ccccn1
RXJOFZNMHGDABT-UHFFFAOYSA-N,CCC(=O)NC1CCc2c(-c3cc4c(cc3F)N(C)C(=O)CC4)cncc21,7.424132843827896,6.125859630509282,O=C1CCc2cc(-c3cncc4c3CCC4)ccc2N1
RXJVLYVCQCRDCL-UHFFFAOYSA-N,CN1C(=O)CCc2cc(-c3cncc(NCc4ccccc4)n3)ccc21,8.301029995663981,6.958607314841775,O=C1CCc2cc(-c3cncc(NCc4ccccc4)n3)ccc2N1
RXYOQBQUVVOHFB-UHFFFAOYSA-N,CN1C(=O)CCc2cc(-c3cncc(CNS(=O)(=O)c4cn(C)cn4)c3)ccc21,6.334419008982047,5.487315603782837,O=C1CCc2cc(-c3cncc(CNS(=O)(=O)c4c[nH]cn4)c3)ccc2N1
RYURTKBYOXPJDC-GOSISDBHSA-N,CCC(=O)N[C@@H]1CCCc2c(-c3ccc4[nH]ncc4c3)cncc21,,,c1cc2[nH]ncc2cc1-c1cncc2c1CCCC2
SDSRRDFMJLTCRO-UHFFFAOYSA-N,Cc1c(-c2ccc3c(c2)CCC(=O)N3C)cncc1C(C)NC(=O)c1ncccc1Cl,8.154901959985743,6.600326278518962,O=C1CCc2cc(-c3cncc(CNC(=O)c4ccccn4)c3)ccc2N1
SFNOYOPSCIHUIM-UHFFFAOYSA-N,CN1C(=O)CCc2cc(-c3cncc(CN)c3Cl)ccc21,7.537602002101044,5.922268820347608,O=C1CCc2cc(-c3cccnc3)ccc2N1
SGHRNKQDVKOKDC-UHFFFAOYSA-N,CN1C(=O)CCc2cc(-c3cncc(CNC(=O)c4cnc(Cl)cn4)c3)ccc21,8.522878745280337,6.8124792791635365,O=C1CCc2cc(-c3cncc(CNC(=O)c4cnccn4)c3)ccc2N1
SJJOOIYPJDIJQL-MRXNPFEDSA-N,COC(=O)N[C@@H]1CCOc2c(-c3ccc4c(c3)CCC(=O)N4C)cncc21,8.638272163982407,6.694648630553377,O=C1CCc2cc(-c3cncc4c3OCCC4)ccc2N1
SJJOOIYPJDIJQL-ZMAHMCKTSA-N,[2H]C([2H])([2H])OC(=O)N[C@@H]1CCOc2c(-c3ccc4c(c3)CCC(=O)N4C)cncc21,8.346787486224656,6.419075024324381,O=C1CCc2cc(-c3cncc4c3OCCC4)ccc2N1
SKXVDWNEDWRPGD-UHFFFAOYSA-N,CCC(=O)NCc1cncc(-c2ccc3c(c2)CCC(=O)N3C)c1Cl,8.045757490560675,6.205511953340831,O=C1CCc2cc(-c3cccnc3)ccc2N1
SLJJRRUGQDEDML-UHFFFAOYSA-N,CC(C)S(=O)(=O)NCc1cncc(-c2ccc3c(c2)CCC(=O)N3C)c1,7.091514981121351,5.823908740944319,O=C1CCc2cc(-c3cccnc3)ccc2N1
SNGIWNGICSWGCE-BFUOFWGJSA-N,C[C@@H](F)C(=O)N[C@@H]1CCCc2c(-c3ccc4c(c3)CCC(=O)N4C)cncc21,7.469800301796917,,O=C1CCc2cc(-c3cncc4c3CCCC4)ccc2N1
SNGIWNGICSWGCE-ORAYPTAESA-N,C[C@H](F)C(=O)N[C@@H]1CCCc2c(-c3ccc4c(c3)CCC(=O)N4C)cncc21,7.928117992693874,5.788879458741951,O=C1CCc2cc(-c3cncc4c3CCCC4)ccc2N1
SQCVNNCRPGFMRU-UHFFFAOYSA-N,CN1C(=O)CCc2cc(-c3cncc(OCCNC(=O)c4ncccc4Cl)c3)c(F)cc21,8.698970004336019,7.1249387366083,O=C1CCc2cc(-c3cncc(OCCNC(=O)c4ccccn4)c3)ccc2N1
SQLOGWOENWBRDL-UHFFFAOYSA-N,CN1C(=O)CCc2cc(-c3cncc(CNC(=O)c4cnn(C)c4)c3)ccc21,7.769551078621726,5.972242795309446,O=C1CCc2cc(-c3cncc(CNC(=O)c4cn[nH]c4)c3)ccc2N1
SSYUPEMNJOBSIW-UHFFFAOYSA-N,CN1C(=O)CCc2cc(-c3cncc(CNC(=O)c4cc(Cl)nnc4Cl)c3)ccc21,7.769551078621726,5.749336080536756,O=C1CCc2cc(-c3cncc(CNC(=O)c4ccnnc4)c3)ccc2N1
SWVIVUURDDCRKC-UHFFFAOYSA-N,Cc1noc(C)c1C(=O)NCc1cncc(-c2ccc3c(c2)CCC(=O)N3C)c1Cl,7.920818753952375,6.254144804826271,O=C1CCc2cc(-c3cncc(CNC(=O)c4cnoc4)c3)ccc2N1
TWNPFBJIDCIFSP-UHFFFAOYSA-N,Cc1nnc(C(=O)NCc2cncc(-c3ccc4c(c3)CCC(=O)N4C)c2)o1,7.366531544420414,6.30715308072277,O=C1CCc2cc(-c3cncc(CNC(=O)c4nnco4)c3)ccc2N1
TWSHRXTYXMFXOO-GOSISDBHSA-N,COC(=O)N[C@@H]1CCCc2c(-c3ccc4c(c3)CCC(=O)N4C)cncc21,8.468521082957745,,O=C1CCc2cc(-c3cncc4c3CCCC4)ccc2N1
TWSHRXTYXMFXOO-IATFMEIASA-N,[2H]C([2H])([2H])OC(=O)N[C@@H]1CCCc2c(-c3ccc4c(c3)CCC(=O)N4C)cncc21,8.602059991327963,6.892790030352131,O=C1CCc2cc(-c3cncc4c3CCCC4)ccc2N1
TYWQRQASRYRBGO-SFHVURJKSA-N,CCC(=O)N1CC[C@H]1COc1cncc(-c2ccc3c(c2)CCC(=O)N3C)c1,7.638272163982407,5.874193541860473,O=C1CCc2cc(-c3cncc(OC[C@@H]4CCN4)c3)ccc2N1
TZELLUZARLORKL-UHFFFAOYSA-N,CN1C(=O)CCc2cc(-c3cncc4c3CCCN4CCN)ccc21,8.397940008672037,5.72584215073632,O=C1CCc2cc(-c3cncc4c3CCCN4)ccc2N1
TZSPZEKLXMWRQK-UHFFFAOYSA-N,COc1ccc(C(=O)NCc2cncc(-c3ccc4c(c3)CCC(=O)N4C)c2)nn1,8.154901959985743,6.853871964321762,O=C1CCc2cc(-c3cncc(CNC(=O)c4cccnn4)c3)ccc2N1
UANDZHPAAFOTSP-UHFFFAOYSA-N,CN(Cc1cncc(-c2ccc3c(c2)CCC(=O)N3C)c1Cl)C(=O)c1ncccc1Cl,8.045757490560675,6.448550002027125,O=C1CCc2cc(-c3cncc(CNC(=O)c4ccccn4)c3)ccc2N1
UAQOSEMOFZYWDM-GOSISDBHSA-N,CNC(=O)N[C@@H]1CCCc2c(-c3ccc4c(c3)CCC(=O)N4C)cncc21,8.229147988357855,,O=C1CCc2cc(-c3cncc4c3CCCC4)ccc2N1
UAQOSEMOFZYWDM-HLENTGRASA-N,[2H]C([2H])([2H])NC(=O)N[C@@H]1CCCc2c(-c3ccc4c(c3)CCC(=O)N4C)cncc21,7.958607314841775,6.095284454721319,O=C1CCc2cc(-c3cncc4c3CCCC4)ccc2N1
UCOSNKRUHVSIHZ-HXUWFJFHSA-N,CN1C(=O)CCc2cc(-c3cncc4c3CCC[C@H]4NS(=O)(=O)C3CC3)ccc21,7.449771646944906,6.496481687275925,O=C1CCc2cc(-c3cncc4c3CCC[C@H]4NS(=O)(=O)C3CC3)ccc2N1
UCWGKFFQPRUECV-SFHVURJKSA-N,CCOC(=O)N1CC[C@H](Oc2cncc(-c3ccc4c(c3)CCC(=O)N4C)c2)C1,8.096910013008056,6.801342913045577,O=C1CCc2cc(-c3cncc(O[C@H]4CCNC4)c3)ccc2N1
UDJZQWJFNAVQEQ-UHFFFAOYSA-N,Cc1noc(C)c1C(=O)NCc1cncc(-c2ccc3c(c2)CCC(=O)N3)c1,6.067526235322847,4.701387052240053,O=C1CCc2cc(-c3cncc(CNC(=O)c4cnoc4)c3)ccc2N1
UMWMOBUYUSRXIC-INIZCTEOSA-N,CC(C)[C@H](CO)Nc1cncc(-c2ccc3c(c2)CCC(=O)N3C)n1,6.764471553092451,,O=C1CCc2cc(-c3cnccn3)ccc2N1
UNJNVSXHYFGXOG-UHFFFAOYSA-N,CN1C(=O)CCc2cc(-c3cncc(OC4CNC4)c3)ccc21,6.694648630553377,4.806652743613538,O=C1CCc2cc(-c3cncc(OC4CNC4)c3)ccc2N1
UQKJMVKYYCHFDW-UHFFFAOYSA-N,CN1C(=O)CCc2cc(-c3cncc(CNS(=O)(=O)CC(F)(F)F)c3)ccc21,7.207608310501746,5.544698228342924,O=C1CCc2cc(-c3cccnc3)ccc2N1
UREKTALOZOFJFP-UHFFFAOYSA-N,Cc1cccnc1C(=O)N(C)Cc1cncc(-c2ccc3c(c2)CCC(=O)N3C)c1,8.522878745280337,7.552841968657781,O=C1CCc2cc(-c3cncc(CNC(=O)c4ccccn4)c3)ccc2N1
UXMCWYSGQNYUTP-CXXSJKPGSA-N,Cc1c(-c2ccc3c(c2)CCC(=O)N3C)cncc1C(C)N[S@+]([O-])C(C)(C)C,7.67778070526608,6.396855627379818,O=C1CCc2cc(-c3cccnc3)ccc2N1
UXXFTQAPVIVJGM-UHFFFAOYSA-N,CN1C(=O)CCc2cc(-c3cncc(CNC(=O)c4cccc(Cl)n4)c3)ccc21,8.096910013008056,6.847711655616943,O=C1CCc2cc(-c3cncc(CNC(=O)c4ccccn4)c3)ccc2N1
UZABHTDBUUVBEA-UHFFFAOYSA-N,CCS(=O)(=O)NCc1cncc(-c2cc3c(cc2F)N(C)C(=O)CC3)c1,7.958607314841775,6.0655015487564325,O=C1CCc2cc(-c3cccnc3)ccc2N1
UZTMWAFVURKSAZ-IBGZPJMESA-N,CCC(=O)N1CCC[C@H](Oc2cncc(-c3ccc4c(c3)CCC(=O)N4C)c2)C1,6.764471553092451,5.333950261519484,O=C1CCc2cc(-c3cncc(O[C@H]4CCCNC4)c3)ccc2N1
VAPHWOXHHBPQER-UHFFFAOYSA-N,CCC(=O)NC1CCc2c(-c3cc(Cl)c4c(c3)CCC(=O)N4C)cncc21,6.962784470608681,5.5247217512020015,O=C1CCc2cc(-c3cncc4c3CCC4)ccc2N1
VDEUDSRUMNAXJG-LJQANCHMSA-N,CCC(=O)N[C@@H]1CCCc2c(-c3ccc4c(c3)CCC(=O)N4C)cncc21,7.853871964321762,6.008773924307505,O=C1CCc2cc(-c3cncc4c3CCCC4)ccc2N1
VDEUDSRUMNAXJG-UHFFFAOYSA-N,CCC(=O)NC1CCCc2c(-c3ccc4c(c3)CCC(=O)N4C)cncc21,7.122716845946727,5.516840986155711,O=C1CCc2cc(-c3cncc4c3CCCC4)ccc2N1
VEMOBWBYFHNPDM-UHFFFAOYSA-N,CCN(Cc1cncc(-c2ccc3c(c2)CCC(=O)N3C)c1)S(=O)(=O)CC,7.602059991327962,5.634512015109101,O=C1CCc2cc(-c3cccnc3)ccc2N1
VMNAQWHFKMSWKT-LJQANCHMSA-N,CN(C)C(=O)N[C@@H]1CCCc2c(-c3ccc4c(ccc(=O)n4C)c3)cncc21,7.903089986991944,5.715794932298206,O=c1ccc2cc(-c3cncc4c3CCCC4)ccc2[nH]1
VNQDBLQQYOBFRD-UHFFFAOYSA-N,CN1C(=O)CCc2cc(-c3cncc(N4CCCC4=O)c3)ccc21,6.511449283499556,5.804100347590766,O=C1CCc2cc(-c3cncc(N4CCCC4=O)c3)ccc2N1
VPBJAFQYPFIZNV-MXVIHJGJSA-N,CCS(=O)(=O)N[C@H]1CC[C@H](Oc2cncc(-c3ccc4c(c3)CCC(=O)N4C)c2)CC1,9.0,7.161150909262744,O=C1CCc2cc(-c3cncc(OC4CCCCC4)c3)ccc2N1
VPCJXHICBXTFHE-UHFFFAOYSA-N,CN1C(=O)CCc2cc(-c3cncc(CNS(=O)(=O)c4cccc(Cl)c4)c3)ccc21,6.8124792791635365,5.323123568026863,O=C1CCc2cc(-c3cncc(CNS(=O)(=O)c4ccccc4)c3)ccc2N1
VQRRELBUJGMJDG-UHFFFAOYSA-N,CCC(=O)NC(C)c1cncc(-c2ccc3c(c2)CCC(=O)N3C)c1C,7.267606240177032,6.205511953340831,O=C1CCc2cc(-c3cccnc3)ccc2N1
VQYMPMLZOFLNNG-UHFFFAOYSA-N,Cc1nc(C(=O)NCc2cncc(-c3ccc4c(c3)CCC(=O)N4C)c2)c(C)o1,8.397940008672037,7.091514981121351,O=C1CCc2cc(-c3cncc(CNC(=O)c4cocn4)c3)ccc2N1
VREODUJNYWRKSQ-UUEJOYGGSA-N,CC(N[S@+]([O-])C(C)(C)C)c1cncc(-c2ccc3c(c2)CCC(=O)N3C)c1Cl,7.853871964321762,6.583359492661719,O=C1CCc2cc(-c3cccnc3)ccc2N1
VRWNPWQZPSCBCB-UHFFFAOYSA-N,CN1C(=O)CCc2cc(-c3cncc(CN4CCCCS4(=O)=O)c3)ccc21,8.301029995663981,6.245651664288981,O=C1CCc2cc(-c3cncc(CN4CCCCS4(=O)=O)c3)ccc2N1
VVTOOVYBNUXBHW-UHFFFAOYSA-N,CN1C(=O)CCc2cc(-c3cncc(OCCN4CCCS4(=O)=O)c3)ccc21,8.698970004336019,7.031517051446065,O=C1CCc2cc(-c3cncc(OCCN4CCCS4(=O)=O)c3)ccc2N1
VXHAQBXNKWMLAY-INIZCTEOSA-N,CN1C(=O)CCc2cc(-c3cncc(OC[C@@H]4CCN4)c3)ccc21,6.13608262304214,4.796042908318756,O=C1CCc2cc(-c3cncc(OC[C@@H]4CCN4)c3)ccc2N1
VXXQEYRZPPZCEN-HXUWFJFHSA-N,CCC(=O)N[C@@H]1CCCc2c(-c3cc(C)c4c(ccc(=O)n4C)c3)cncc21,7.777283528852417,5.141583122276511,O=c1ccc2cc(-c3cncc4c3CCCC4)ccc2[nH]1
VZYLKQNKXZLPPL-UHFFFAOYSA-N,CCS(=O)(=O)NCc1cncc(-c2cc(Cl)c3c(c2)CCC(=O)N3C)c1,6.790484985457369,5.122398320270728,O=C1CCc2cc(-c3cccnc3)ccc2N1
WCDGTVZIBFSPOS-UHFFFAOYSA-N,CN1C(=O)CCc2cc(-c3cncc(N4CC5(CN(C(=O)OC(C)(C)C)C5)C4)n3)ccc21,6.91721462968355,6.107905397309519,O=C1CCc2cc(-c3cncc(N4CC5(CNC5)C4)n3)ccc2N1
WKHNTIGVBRUGAV-HTAPYJJXSA-N,CCC(=O)N[C@@H]1c2cncc(-c3cc4c(cc3F)N(C)C(=O)CC4)c2CC[C@@H]1F,6.053744292800602,4.692025004793243,O=C1CCc2cc(-c3cncc4c3CCCC4)ccc2N1
WKHNTIGVBRUGAV-JTSKRJEESA-N,CCC(=O)N[C@H]1c2cncc(-c3cc4c(cc3F)N(C)C(=O)CC4)c2CC[C@@H]1F,7.411168274405792,5.62165661642523,O=C1CCc2cc(-c3cncc4c3CCCC4)ccc2N1
WKHNTIGVBRUGAV-VGOFRKELSA-N,CCC(=O)N[C@@H]1c2cncc(-c3cc4c(cc3F)N(C)C(=O)CC4)c2CC[C@H]1F,5.5563615688335455,4.8254081948043925,O=C1CCc2cc(-c3cncc4c3CCCC4)ccc2N1
WKHNTIGVBRUGAV-VGSWGCGISA-N,CCC(=O)N[C@H]1c2cncc(-c3cc4c(cc3F)N(C)C(=O)CC4)c2CC[C@H]1F,6.80271944187438,5.5597050289050856,O=C1CCc2cc(-c3cncc4c3CCCC4)ccc2N1
WLADRWJLVWJQDF-UHFFFAOYSA-N,CN1C(=O)CCc2cc(-c3cncc(C4(N)CC4)c3)c(F)cc21,,,O=C1CCc2cc(-c3cncc(C4CC4)c3)ccc2N1
WLAJEGLNCFJTHU-GOSISDBHSA-N,CCS(=O)(=O)N1CC[C@@H](Oc2cncc(-c3ccc4c(c3)CCC(=O)N4C)c2)C1,7.455931955649724,6.070581074285707,O=C1CCc2cc(-c3cncc(O[C@@H]4CCNC4)c3)ccc2N1
WLAJEGLNCFJTHU-SFHVURJKSA-N,CCS(=O)(=O)N1CC[C@H](Oc2cncc(-c3ccc4c(c3)CCC(=O)N4C)c2)C1,8.045757490560675,6.684029654543083,O=C1CCc2cc(-c3cncc(O[C@H]4CCNC4)c3)ccc2N1
WNUAISAOKNHLFZ-UHFFFAOYSA-N,Cc1noc(C)c1S(=O)(=O)NCc1cncc(-c2ccc3c(c2)CCC(=O)N3C)c1,6.943095148663527,5.845576026885353,O=C1CCc2cc(-c3cncc(CNS(=O)(=O)c4cnoc4)c3)ccc2N1
WSRYYJUBTZFBOB-QGZVFWFLSA-N,CCC(=O)N[C@@H]1CCCc2c(-c3ccc4c(c3)OCC(=O)N4C)cncc21,7.508638306165727,5.4141671775240825,O=C1COc2cc(-c3cncc4c3CCCC4)ccc2N1
WTHWACZWIZNRFM-IBGZPJMESA-N,CCS(=O)(=O)N1CCC[C@H]1COc1cncc(-c2ccc3c(c2)CCC(=O)N3C)c1,7.744727494896693,6.046723663332696,O=C1CCc2cc(-c3cncc(OC[C@@H]4CCCN4)c3)ccc2N1
WWUHTANLVVUBDE-UHFFFAOYSA-N,Cc1noc(C)c1C(=O)NC(C)(C)c1cncc(-c2ccc3c(c2)CCC(=O)N3C)c1,7.744727494896693,6.341988603342887,O=C1CCc2cc(-c3cncc(CNC(=O)c4cnoc4)c3)ccc2N1
WWVOXLUMUOZFIP-UHFFFAOYSA-N,CCC(=O)N1CC(Oc2cncc(-c3ccc4c(c3)CCC(=O)N4C)c2)C1,7.522878745280337,6.212539525481585,O=C1CCc2cc(-c3cncc(OC4CNC4)c3)ccc2N1
WXNUPNNXTBJFHK-FQEVSTJZSA-N,CN1C(=O)CCc2cc(-c3cncc(O[C@H]4CCCN(C(=O)OC(C)(C)C)C4)c3)ccc21,6.567030709125595,5.998699066979582,O=C1CCc2cc(-c3cncc(O[C@H]4CCCNC4)c3)ccc2N1
XBSFRABUHBLLBL-LJQANCHMSA-N,CCC(=O)N[C@@H]1CCCc2c(-c3cc(F)c4c(ccc(=O)n4C)c3)cncc21,7.954677021213342,5.309449538489641,O=c1ccc2cc(-c3cncc4c3CCCC4)ccc2[nH]1
XDGIEUXPZXPLKF-UHFFFAOYSA-N,CN1C(=O)CCc2cc(-c3cncc(CNC(=O)C4CC4)c3)ccc21,7.173925197299173,5.254925208417943,O=C1CCc2cc(-c3cncc(CNC(=O)C4CC4)c3)ccc2N1
XEJWIUCMNMCLQI-UHFFFAOYSA-N,Cc1noc(C)c1C(=O)NCCOc1cncc(-c2ccc3c(c2)CCC(=O)N3C)c1,7.853871964321762,5.841336019186011,O=C1CCc2cc(-c3cncc(OCCNC(=O)c4cnoc4)c3)ccc2N1
XGDZUPWFPWBYPU-UHFFFAOYSA-N,Cc1cccnc1C(=O)NC1(c2cncc(-c3ccc4c(c3)CCC(=O)N4C)c2)CC1,8.045757490560675,7.292429823902063,O=C1CCc2cc(-c3cncc(C4(NC(=O)c5ccccn5)CC4)c3)ccc2N1
XGHCXCUIABSPIE-UHFFFAOYSA-N,Cc1noc(C)c1C(=O)NC(C)c1cncc(-c2ccc3c(c2)CCC(=O)N3C)c1Cl,7.657577319177793,6.168130225719498,O=C1CCc2cc(-c3cncc(CNC(=O)c4cnoc4)c3)ccc2N1
XHGMPLLCFTYYCA-LJQANCHMSA-N,CCC(=O)N[C@@H]1CCCc2c(-c3cnc4c(c3)cc(C#N)n4C)cncc21,7.943095148663527,5.765229704839084,c1cc2cc(-c3cncc4c3CCCC4)cnc2[nH]1
XJKCDMSPZISPNI-UHFFFAOYSA-N,CN1C(=O)CCc2cc(-c3cncc(OCCNC(=O)c4cnn(C)c4)c3)ccc21,7.823908740944319,5.533577277566208,O=C1CCc2cc(-c3cncc(OCCNC(=O)c4cn[nH]c4)c3)ccc2N1
XKAHBXIIMOTKHS-UHFFFAOYSA-N,CN1C(=O)CCc2cc(-c3cncc(CNC(=O)c4cnn(C)c4)c3)c(F)cc21,8.154901959985743,6.162411561764489,O=C1CCc2cc(-c3cncc(CNC(=O)c4cn[nH]c4)c3)ccc2N1
XKKBFTBUQZCLBQ-UHFFFAOYSA-N,CCS(=O)(=O)NCc1cncc(-c2cc3c4c(c2)CCN4C(=O)CC3)c1,7.568636235841012,5.646276062411051,O=C1CCc2cc(-c3cccnc3)cc3c2N1CC3
XLTMKDRJOYFYRX-UHFFFAOYSA-N,CCS(=O)(=O)NC(c1cncc(-c2ccc3c(c2)CCC(=O)N3C)c1)C(C)C,6.892790030352131,,O=C1CCc2cc(-c3cccnc3)ccc2N1
XNCBRRLLUGHQQG-UHFFFAOYSA-N,CN1C(=O)CCc2cc(-c3cncc(C4=CCN(C(=O)OC(C)(C)C)CC4)c3)ccc21,8.301029995663981,7.161150909262744,O=C1CCc2cc(-c3cncc(C4=CCNCC4)c3)ccc2N1
XOLZCURCMKRMJH-UHFFFAOYSA-N,CCS(=O)(=O)NC(c1cncc(-c2ccc3c(c2)CCC(=O)N3C)c1)C1CC1,6.931814138253838,5.07242434530889,O=C1CCc2cc(-c3cncc(CC4CC4)c3)ccc2N1
XQCOHFJVAAUSNU-ZMAHMCKTSA-N,[2H]C([2H])([2H])OC(=O)N[C@@H]1CCCc2c(-c3ccc4c(c3)OCC(=O)N4C)cncc21,8.05551732784983,6.319664486585436,O=C1COc2cc(-c3cncc4c3CCCC4)ccc2N1
XQSBVHIXVZONPR-GOSISDBHSA-N,CNC(=O)N[C@@H]1CCCc2c(-c3ccc4c(ccc(=O)n4C)c3)cncc21,8.0268721464003,6.131355561605174,O=c1ccc2cc(-c3cncc4c3CCCC4)ccc2[nH]1
XQSBVHIXVZONPR-HLENTGRASA-N,[2H]C([2H])([2H])NC(=O)N[C@@H]1CCCc2c(-c3ccc4c(ccc(=O)n4C)c3)cncc21,8.00436480540245,,O=c1ccc2cc(-c3cncc4c3CCCC4)ccc2[nH]1
XUBXPDPERJZWSF-JOTALGBPSA-N,[2H]C([2H])([2H])NC(=O)N[C@@H]1CCOc2c(-c3ccc4c(c3)CCC(=O)N4C)cncc21,,,O=C1CCc2cc(-c3cncc4c3OCCC4)ccc2N1
XUTJBADTPUNJKS-DDOHFVCQSA-N,[2H]C([2H])([2H])NC(=O)N[C@@H]1CCOc2c(-c3ccc4c(c3)COC(=O)N4C)cncc21,8.1249387366083,6.286509456906058,O=C1Nc2ccc(-c3cncc4c3OCCC4)cc2CO1
XVYQCJUMQGKQKY-GDLZYMKVSA-N,CN1C(=O)CCc2cc(-c3cncc(C4(N[S@+]([O-])C(C)(C)C)COC4)c3)ccc21,,5.4139756176130245,O=C1CCc2cc(-c3cncc(C4COC4)c3)ccc2N1
XXQPEKHUOMQNHH-UHFFFAOYSA-N,Cc1c(CN)cncc1-c1ccc2c(c1)CCC(=O)N2C,8.397940008672037,5.996539467890494,O=C1CCc2cc(-c3cccnc3)ccc2N1
XXYXEMDARRGNBG-UHFFFAOYSA-N,CCS(=O)(=O)NCc1cncc(-c2cc(Cl)c3c(c2)CCC(=O)N3)c1,7.080921907623926,5.304781081094849,O=C1CCc2cc(-c3cccnc3)ccc2N1
XZDYNJNWYULUNN-QGZVFWFLSA-N,CN(C)C(=O)N[C@@H]1CCOc2c(-c3ccc4c(c3)CCC(=O)N4C)cncc21,7.899629454882437,5.505567101273601,O=C1CCc2cc(-c3cncc4c3OCCC4)ccc2N1
YBWKRNZJXVKUQC-UHFFFAOYSA-N,CCC(=O)NCCN1CCCc2c(-c3ccc4c(c3)CCC(=O)N4C)cncc21,7.853871964321762,5.742321425130816,O=C1CCc2cc(-c3cncc4c3CCCN4)ccc2N1
YCKSFVUNOHKGID-GOSISDBHSA-N,CCC(=O)N[C@@H]1CCCc2c(-c3ccc4c(c3)COC(=O)N4C)cncc21,7.87942606879415,5.93809536628383,O=C1Nc2ccc(-c3cncc4c3CCCC4)cc2CO1
YCMDEBZUTMZFRF-INIZCTEOSA-N,CN1C(=O)CCc2cc(-c3cncc(O[C@H]4CCNC4)c3)ccc21,6.164309428507575,,O=C1CCc2cc(-c3cncc(O[C@H]4CCNC4)c3)ccc2N1
YCMDEBZUTMZFRF-MRXNPFEDSA-N,CN1C(=O)CCc2cc(-c3cncc(O[C@@H]4CCNC4)c3)ccc21,6.455931955649724,4.4721253136713095,O=C1CCc2cc(-c3cncc(O[C@@H]4CCNC4)c3)ccc2N1
YCUXRMVMHJCMCV-KRWDZBQOSA-N,CN1C(=O)CCc2cc(-c3cncc(N4CCC[C@H]4CO)c3)ccc21,7.721246399047171,5.966576244513051,O=C1CCc2cc(-c3cncc(N4CCCC4)c3)ccc2N1
YCUXRMVMHJCMCV-QGZVFWFLSA-N,CN1C(=O)CCc2cc(-c3cncc(N4CCC[C@@H]4CO)c3)ccc21,7.008773924307505,5.476253533188435,O=C1CCc2cc(-c3cncc(N4CCCC4)c3)ccc2N1
YDHRTFFNHYGHIH-INIZCTEOSA-N,CCC(=O)N1CC[C@H](Oc2cncc(-c3cc4c(cc3F)N(C)C(=O)CC4)c2)C1,8.045757490560675,6.271646217978772,O=C1CCc2cc(-c3cncc(O[C@H]4CCNC4)c3)ccc2N1
YDHRTFFNHYGHIH-MRXNPFEDSA-N,CCC(=O)N1CC[C@@H](Oc2cncc(-c3cc4c(cc3F)N(C)C(=O)CC4)c2)C1,8.0,6.07727454200674,O=C1CCc2cc(-c3cncc(O[C@@H]4CCNC4)c3)ccc2N1
YETHOSDUWYAFAC-FQEVSTJZSA-N,COC[C@@H]1CCCN1Cc1cncc(-c2ccc3c(c2)CCC(=O)N3C)c1,7.67778070526608,6.585026652029182,O=C1CCc2cc(-c3cncc(CN4CCCC4)c3)ccc2N1
YGWBKAAQQLMOBM-GOSISDBHSA-N,CCC(=O)N1CC[C@@H](Oc2cncc(-c3ccc4c(c3)CCC(=O)N4C)c2)C1,7.721246399047171,5.862962545210487,O=C1CCc2cc(-c3cncc(O[C@@H]4CCNC4)c3)ccc2N1
YGWBKAAQQLMOBM-SFHVURJKSA-N,CCC(=O)N1CC[C@H](Oc2cncc(-c3ccc4c(c3)CCC(=O)N4C)c2)C1,7.958607314841775,5.824778199656947,O=C1CCc2cc(-c3cncc(O[C@H]4CCNC4)c3)ccc2N1
YHLWBNSZVNBSDE-UHFFFAOYSA-N,Cc1noc(C)c1C(=O)NCc1cncc(-c2ccc3c(c2)CCC(=O)N3C)c1C,7.443697499232712,5.544393887418133,O=C1CCc2cc(-c3cncc(CNC(=O)c4cnoc4)c3)ccc2N1
YJZDBCXLGAYVKP-QGZVFWFLSA-N,CN(C)C(=O)N[C@@H]1CCCc2c(-c3ccc4c(c3)OCC(=O)N4C)cncc21,7.721246399047171,,O=C1COc2cc(-c3cncc4c3CCCC4)ccc2N1
YKQLOQJDZRUJAB-UHFFFAOYSA-N,CN1C(=O)CCc2cc(-c3cncc(CN4CCCC4=O)c3)ccc21,7.236572006437063,6.1249387366083,O=C1CCc2cc(-c3cncc(CN4CCCC4=O)c3)ccc2N1
YLSQSQFRSRGWSY-UHFFFAOYSA-N,Cc1oncc1C(=O)NCc1cncc(-c2cc3c(cc2F)N(C)C(=O)CC3)c1C,9.0,6.8124792791635365,O=C1CCc2cc(-c3cncc(CNC(=O)c4cnoc4)c3)ccc2N1
YOVPXDUPVOCZLD-UHFFFAOYSA-N,CCS(=O)(=O)NCc1cncc(-c2ccc3c(c2F)CCC(=O)N3C)c1,7.522878745280337,5.871600731282194,O=C1CCc2cc(-c3cccnc3)ccc2N1
YSWLLKZPLXQDMS-DLWUMSGBSA-N,Cc1c(-c2cc3c(cc2F)N(C)C(=O)CC3)cncc1C(C)N[S@+]([O-])C(C)(C)C,7.585026652029182,6.329754146925876,O=C1CCc2cc(-c3cccnc3)ccc2N1
YYEFCORMUMDUBP-SFHVURJKSA-N,CC(C)(C)OC(=O)N1CC[C@H](Oc2cncc(-c3ccc4c(c3)CCC(=O)N4)c2)C1,7.522878745280337,6.982966660701219,O=C1CCc2cc(-c3cncc(O[C@H]4CCNC4)c3)ccc2N1
YYJAKWVQBLLQAX-UHFFFAOYSA-N,CN1C(=O)CCc2cc(-c3cncc(NCCO)n3)ccc21,8.154901959985743,6.657577319177793,O=C1CCc2cc(-c3cnccn3)ccc2N1
YYKHVUUSAJAUPU-UHFFFAOYSA-N,Cc1noc(C)c1C(=O)NC1(c2cncc(-c3ccc4c(c3)CCC(=O)N4C)c2)CC1,7.1249387366083,5.80271944187438,O=C1CCc2cc(-c3cncc(C4(NC(=O)c5cnoc5)CC4)c3)ccc2N1
YYLDTCQZWTZFPS-UHFFFAOYSA-N,CN(Cc1cncc(-c2ccc3c(c2)CCC(=O)N3C)c1)C(=O)c1ncccc1Cl,8.096910013008056,6.289036881004725,O=C1CCc2cc(-c3cncc(CNC(=O)c4ccccn4)c3)ccc2N1
YYPLNJMRHYBKAH-UHFFFAOYSA-N,CN1C(=O)CCc2cc(-c3cncc(C4(N)CC4)c3)ccc21,7.481486060122112,6.1487416512809245,O=C1CCc2cc(-c3cncc(C4CC4)c3)ccc2N1
YYYLJANEJVOZPF-LJQANCHMSA-N,CCC(=O)N[C@@H]1CCCc2c(-c3ccc4c(ccc(=O)n4C)c3)cncc21,7.71669877129645,5.601764771443657,O=c1ccc2cc(-c3cncc4c3CCCC4)ccc2[nH]1
ZAWHPJWYDFOQKX-UHFFFAOYSA-N,CN1C(=O)CCc2cc(-c3cncc(OC4CCNCC4)c3)ccc21,6.752026733638194,5.068389593637038,O=C1CCc2cc(-c3cncc(OC4CCNCC4)c3)ccc2N1
ZDXWHVUKKIHLGT-UHFFFAOYSA-N,CN1C(=O)CCc2cc(-c3cncc(CNC(=O)c4cncnc4)c3)ccc21,8.397940008672037,6.966576244513051,O=C1CCc2cc(-c3cncc(CNC(=O)c4cncnc4)c3)ccc2N1
ZHKRGGNJDJESEN-UHFFFAOYSA-N,CN1C(=O)CCc2cc(-c3cncc(OCCNC(=O)c4ncccc4Cl)c3)ccc21,7.886056647693163,6.6595558851598815,O=C1CCc2cc(-c3cncc(OCCNC(=O)c4ccccn4)c3)ccc2N1
ZHVKSPRUMAMCLE-HXUWFJFHSA-N,CCC(=O)N[C@@H]1CCCc2c(-c3ccc4c(c3)CCc3nnc(C)n3-4)cncc21,,,c1cc2c(cc1-c1cncc3c1CCCC3)CCc1nncn1-2
ZIKCISRGTFLEQV-UHFFFAOYSA-N,CCS(=O)(=O)NCc1cncc(-c2cc3c4c(c2)CCC(=O)N4CCC3)c1,6.962573502059376,5.331427730815442,O=C1CCc2cc(-c3cccnc3)cc3c2N1CCC3
ZINJGAQRBAQTAU-UHFFFAOYSA-N,CN1C(=O)CCc2cc(-c3cncc(CN4CCCS4(=O)=O)c3)ccc21,7.920818753952375,6.772113295386326,O=C1CCc2cc(-c3cncc(CN4CCCS4(=O)=O)c3)ccc2N1
ZKEKMASYEDVUKH-IBGZPJMESA-N,CN1C(=O)CCc2cc(-c3cncc(CN4CCC[C@H]4CO)c3)ccc21,7.251811972993799,6.2441251443275085,O=C1CCc2cc(-c3cncc(CN4CCCC4)c3)ccc2N1
ZKOLIVJRIORDET-UHFFFAOYSA-N,COc1cc(C(=O)N2CC3(C2)CN(c2cncc(-c4ccc5c(c4)CCC(=O)N5C)n2)C3)on1,6.543633966870957,,O=C1CCc2cc(-c3cncc(N4CC5(CN(C(=O)c6ccno6)C5)C4)n3)ccc2N1
ZNROQDNAWHTFJM-UHFFFAOYSA-N,COc1ccc(S(=O)(=O)NCc2cncc(-c3ccc4c(c3)CCC(=O)N4C)c2)cn1,6.425968732272281,4.954677021213342,O=C1CCc2cc(-c3cncc(CNS(=O)(=O)c4cccnc4)c3)ccc2N1
ZPHWDASSPXUBPO-UHFFFAOYSA-N,CCS(=O)(=O)Nc1cncc(-c2ccc3c(c2)CCC(=O)N3C)c1,6.769551078621726,5.431798275933005,O=C1CCc2cc(-c3cccnc3)ccc2N1
ZQHNMRGQWSRHCX-MEMLXQNLSA-N,CN1C(=O)CCc2cc(-c3cncc(O[C@H]4CC[C@H](NC(=O)OC(C)(C)C)CC4)c3)ccc21,,,O=C1CCc2cc(-c3cncc(OC4CCCCC4)c3)ccc2N1
ZRGHMSFUQOKWOP-OAQYLSRUSA-N,CN1C(=O)CCc2cc(-c3cncc4c3CCC[C@H]4NC(=O)c3ncccc3Cl)ccc21,8.275724130399212,6.252976822548372,O=C1CCc2cc(-c3cncc4c3CCC[C@H]4NC(=O)c3ccccn3)ccc2N1
ZTZRCUWMLMBOPB-GOSISDBHSA-N,CCC(=O)N[C@@H]1CCOc2c(-c3cc(F)c4c(c3)cc(C#N)n4C)cncc21,8.346787486224656,,c1cc2cc(-c3cncc4c3OCCC4)ccc2[nH]1
ZVMHTFZQWRMLPW-SFHVURJKSA-N,CCS(=O)(=O)N1CC[C@H]1COc1cncc(-c2ccc3c(c2)CCC(=O)N3C)c1,7.886056647693163,6.306273051076353,O=C1CCc2cc(-c3cncc(OC[C@@H]4CCN4)c3)ccc2N1
ZWHPTLBQTSLZGM-FQEVSTJZSA-N,CN1C(=O)CCc2cc(-c3cncc(OC[C@@H]4CCCN4C(=O)OC(C)(C)C)c3)ccc21,7.494850021680094,5.727694155597914,O=C1CCc2cc(-c3cncc(OC[C@@H]4CCCN4)c3)ccc2N1
ZWHPTLBQTSLZGM-HXUWFJFHSA-N,CN1C(=O)CCc2cc(-c3cncc(OC[C@H]4CCCN4C(=O)OC(C)(C)C)c3)ccc21,,,O=C1CCc2cc(-c3cncc(OC[C@H]4CCCN4)c3)ccc2N1
ZWVDCZLRCBOCOM-UHFFFAOYSA-N,CN1C(=O)CCc2cc(-c3cncc(OC4CN(C(=O)OC(C)(C)C)C4)c3)ccc21,8.522878745280337,7.214670164989233,O=C1CCc2cc(-c3cncc(OC4CNC4)c3)ccc2N1
ZXBMXHVGJUPJTE-UHFFFAOYSA-N,CCS(=O)(=O)NC1CCc2c(-c3cc4c(cc3F)N(C)C(=O)CC4)cncc21,6.922957140589279,5.625029865691255,O=C1CCc2cc(-c3cncc4c3CCC4)ccc2N1
ZXWNAYCQZAXXRU-UHFFFAOYSA-N,CN1C(=O)CCc2cc(-c3cncc(NCCO)n3)c(F)cc21,7.744727494896693,6.2441251443275085,O=C1CCc2cc(-c3cnccn3)ccc2N1
